account_id,region,db_instance_identifier,db_name,engine,engine_version,db_instance_class,instance_family,multi_az,storage_type,allocated_storage_gb,max_allocated_storage_gb,storage_encrypted,kms_key_id,publicly_accessible,vpc_id,subnet_group_name,environment,application_name,avg_cpu_30d,avg_freeable_memory_30d_mb,avg_free_storage_gb,instance_create_time,days_since_create,backup_retention_period,latest_restorable_time,rightsizing_action,recommended_instance_class,recommendation_reason,storage_recommendation
013612877090,us-west-2,adel-test-rds,,postgres,17.4,db.t3.medium,db.t3,No,gp2,50,0,No,,No,vpc-67d9ba1f,default,Prod,Unknown,3.72,2997.28,46.31,2025-08-06 22:19:29,119,7,2025-12-04 19:19:32+00:00,Downsize,db.t3.small,Low CPU utilization (3.7%),Consider converting gp2→gp3
013612877090,us-west-2,apo-prod,,postgres,15.12,db.t3.micro,db.t3,No,gp2,20,0,Yes,arn:aws:kms:us-west-2:013612877090:key/e81f4d4f-87ea-4c2a-9a56-a335e17793db,No,vpc-09eddf9011fb0fede,db-subnet-group-dev,Prod,Unknown,3.25,179.82,16.98,2023-11-01 20:15:49,763,1,2025-12-04 19:19:31+00:00,Keep,db.t3.micro,Low CPU (3.2%) but already smallest type,Consider converting gp2→gp3
013612877090,us-west-2,appsec,,postgres,17.4,db.t4g.micro,db.t4g,No,gp2,20,1000,Yes,arn:aws:kms:us-west-2:013612877090:key/e81f4d4f-87ea-4c2a-9a56-a335e17793db,No,vpc-09eddf9011fb0fede,aurora-private-subnet-group,Prod,Unknown,3.26,217.32,17.08,2025-06-26 16:41:49,161,1,2025-12-04 19:19:32+00:00,Downsize,db.t4g.micro,Low CPU (3.3%) but no smaller type available,Consider converting gp2→gp3
013612877090,us-west-2,bpowell,,postgres,14.17,db.t4g.medium,db.t4g,No,gp2,500,1000,Yes,arn:aws:kms:us-west-2:013612877090:key/e81f4d4f-87ea-4c2a-9a56-a335e17793db,No,vpc-09eddf9011fb0fede,db-subnet-group-dev,Prod,Unknown,4.77,2073.43,275.40,2023-04-27 00:20:57,952,7,2025-12-04 19:19:32+00:00,Downsize,db.t4g.medium,Low CPU (4.8%) but no smaller type available,Consider converting gp2→gp3
013612877090,us-west-2,clearhouse,,mariadb,10.11.13,db.t3.small,db.t3,Yes,gp3,250,1000,Yes,arn:aws:kms:us-west-2:013612877090:key/e81f4d4f-87ea-4c2a-9a56-a335e17793db,No,vpc-09eddf9011fb0fede,db-subnet-group-dev,NonProd,Unknown,2.95,1078.25,240.99,2022-09-20 18:01:21,1171,1,2025-12-04 19:20:00+00:00,Downsize,db.t3.micro,Low CPU utilization (3.0%),
013612877090,us-west-2,cortado-dev,,mysql,8.0.42,db.m5.large,db.m5,Yes,gp2,200,0,No,,No,vpc-09eddf9011fb0fede,cortado-dev-db-subnet-group,Prod,Unknown,2.54,6173.17,191.56,2024-11-19 00:36:50,380,35,2025-12-04 19:20:00+00:00,Keep,db.m5.large,Low CPU (2.5%) but already smallest type,Consider converting gp2→gp3
013612877090,us-west-2,domain-services,,aurora-postgresql,15.12,db.serverless,db,No,aurora,1,0,Yes,arn:aws:kms:us-west-2:013612877090:key/e81f4d4f-87ea-4c2a-9a56-a335e17793db,No,vpc-09eddf9011fb0fede,aurora-public-subnet-group,NonProd,Unknown,2.83,171828.88,,2024-06-03 19:24:45,549,5,,Downsize,db.serverless,Low CPU (2.8%) but no smaller type available,
013612877090,us-west-2,dts-marketstandard-quicksight,,postgres,13.20,db.t3.micro,db.t3,No,gp2,20,1000,No,,No,vpc-67d9ba1f,default,Prod,Unknown,4.27,224.72,17.05,2022-09-23 18:22:15,1168,7,2025-12-04 19:19:31+00:00,Keep,db.t3.micro,Low CPU (4.3%) but already smallest type,Consider converting gp2→gp3
013612877090,us-west-2,intappactlog,intappactlog,aurora-postgresql,15.12,db.serverless,db,No,aurora,1,0,Yes,arn:aws:kms:us-west-2:013612877090:key/e81f4d4f-87ea-4c2a-9a56-a335e17793db,No,vpc-09eddf9011fb0fede,intappactlog-public-subnet-group,NonProd,Unknown,13.23,6365.35,,2025-08-14 15:59:14,112,5,,Downsize,db.serverless,Low CPU (13.2%) but no smaller type available,
013612877090,us-west-2,intctrl,,postgres,14.17,db.t3.large,db.t3,Yes,gp3,250,0,Yes,arn:aws:kms:us-west-2:013612877090:key/e81f4d4f-87ea-4c2a-9a56-a335e17793db,No,vpc-09eddf9011fb0fede,public-db-subnet-group-dev,NonProd,Unknown,5.05,4885.66,241.12,2022-10-14 18:50:49,1147,1,2025-12-04 19:19:30+00:00,Downsize,db.t3.medium,Low CPU utilization (5.1%),
013612877090,us-west-2,laa-authz,,postgres,13.20,db.t4g.small,db.t4g,No,gp3,100,0,Yes,arn:aws:kms:us-west-2:013612877090:key/e81f4d4f-87ea-4c2a-9a56-a335e17793db,No,vpc-09eddf9011fb0fede,db-subnet-group-dev,NonProd,Unknown,4.60,1097.75,95.00,2024-10-15 17:52:02,415,1,2025-12-04 19:19:35+00:00,Downsize,db.t4g.small,Low CPU (4.6%) but no smaller type available,
013612877090,us-west-2,lad,,postgres,13.20,db.t4g.medium,db.t4g,No,gp3,100,0,Yes,arn:aws:kms:us-west-2:013612877090:key/e81f4d4f-87ea-4c2a-9a56-a335e17793db,No,vpc-09eddf9011fb0fede,db-subnet-group-dev,NonProd,Unknown,4.28,2867.35,94.78,2022-06-16 18:45:48,1267,1,2025-12-04 19:19:30+00:00,Downsize,db.t4g.medium,Low CPU (4.3%) but no smaller type available,
013612877090,us-west-2,life-science-study-quicksight,,postgres,14.17,db.t3.micro,db.t3,No,gp2,20,1000,No,,No,vpc-67d9ba1f,default,Prod,Unknown,4.33,215.67,17.05,2023-06-07 21:28:47,910,7,2025-12-04 19:19:31+00:00,Keep,db.t3.micro,Low CPU (4.3%) but already smallest type,Consider converting gp2→gp3
013612877090,us-west-2,marketstandard,,postgres,13.20,db.t4g.small,db.t4g,No,gp3,100,0,Yes,arn:aws:kms:us-west-2:013612877090:key/e81f4d4f-87ea-4c2a-9a56-a335e17793db,No,vpc-09eddf9011fb0fede,db-subnet-group-dev,NonProd,Unknown,4.11,1138.92,94.80,2024-03-07 15:28:50,637,1,2025-12-04 19:19:31+00:00,Downsize,db.t4g.small,Low CPU (4.1%) but no smaller type available,
013612877090,us-west-2,mlflow,,postgres,13.20,db.t4g.small,db.t4g,No,gp3,100,0,Yes,arn:aws:kms:us-west-2:013612877090:key/e81f4d4f-87ea-4c2a-9a56-a335e17793db,No,vpc-09eddf9011fb0fede,db-subnet-group-dev,NonProd,Unknown,4.64,1060.46,95.00,2025-02-05 04:00:18,302,1,2025-12-04 19:19:31+00:00,Downsize,db.t4g.small,Low CPU (4.6%) but no smaller type available,
013612877090,us-west-2,ms-bankch-validation,,postgres,13.20,db.t4g.small,db.t4g,No,gp3,100,0,Yes,arn:aws:kms:us-west-2:013612877090:key/e81f4d4f-87ea-4c2a-9a56-a335e17793db,No,vpc-09eddf9011fb0fede,db-subnet-group-dev,NonProd,Unknown,4.12,1139.13,95.02,2023-03-27 19:40:19,982,1,2025-12-04 19:19:32+00:00,Downsize,db.t4g.small,Low CPU (4.1%) but no smaller type available,
013612877090,us-west-2,ms-bank-validation,,postgres,13.20,db.t4g.small,db.t4g,No,gp3,100,0,Yes,arn:aws:kms:us-west-2:013612877090:key/e81f4d4f-87ea-4c2a-9a56-a335e17793db,No,vpc-09eddf9011fb0fede,db-subnet-group-dev,NonProd,Unknown,4.12,1127.46,94.99,2022-07-01 16:31:05,1252,1,2025-12-04 19:19:31+00:00,Downsize,db.t4g.small,Low CPU (4.1%) but no smaller type available,
013612877090,us-west-2,ms-brokerage-accounts,,postgres,13.20,db.t4g.small,db.t4g,No,gp3,100,0,Yes,arn:aws:kms:us-west-2:013612877090:key/e81f4d4f-87ea-4c2a-9a56-a335e17793db,No,vpc-09eddf9011fb0fede,db-subnet-group-dev,NonProd,Unknown,4.17,1138.00,95.02,2023-06-20 17:55:00,898,1,2025-12-04 19:19:33+00:00,Downsize,db.t4g.small,Low CPU (4.2%) but no smaller type available,
013612877090,us-west-2,ms-deal-authorization,,aurora-postgresql,15.12,db.serverless,db,No,aurora,1,0,Yes,arn:aws:kms:us-west-2:013612877090:key/e81f4d4f-87ea-4c2a-9a56-a335e17793db,No,vpc-09eddf9011fb0fede,ms-deal-authorization-public-subnet-group,NonProd,Unknown,13.42,6172.25,,2025-07-10 19:10:45,147,5,,Downsize,db.serverless,Low CPU (13.4%) but no smaller type available,
013612877090,us-west-2,ms-deal-contacts,,postgres,13.20,db.t4g.small,db.t4g,No,gp3,100,0,Yes,arn:aws:kms:us-west-2:013612877090:key/e81f4d4f-87ea-4c2a-9a56-a335e17793db,No,vpc-09eddf9011fb0fede,db-subnet-group-dev,NonProd,Unknown,4.38,1157.97,95.02,2022-04-12 00:00:51,1332,1,2025-12-04 19:19:30+00:00,Downsize,db.t4g.small,Low CPU (4.4%) but no smaller type available,
013612877090,us-west-2,ms-deal-escrows,,postgres,13.20,db.t4g.small,db.t4g,No,gp3,100,0,Yes,arn:aws:kms:us-west-2:013612877090:key/e81f4d4f-87ea-4c2a-9a56-a335e17793db,No,vpc-09eddf9011fb0fede,db-subnet-group-dev,NonProd,Unknown,4.22,1156.38,95.00,2022-04-11 23:58:33,1332,1,2025-12-04 19:19:32+00:00,Downsize,db.t4g.small,Low CPU (4.2%) but no smaller type available,
013612877090,us-west-2,ms-deal-kyc,,postgres,13.20,db.t4g.small,db.t4g,No,gp3,100,0,Yes,arn:aws:kms:us-west-2:013612877090:key/e81f4d4f-87ea-4c2a-9a56-a335e17793db,No,vpc-09eddf9011fb0fede,db-subnet-group-dev,NonProd,Unknown,4.52,1112.02,94.98,2023-07-11 20:43:08,876,1,2025-12-04 19:19:32+00:00,Downsize,db.t4g.small,Low CPU (4.5%) but no smaller type available,
013612877090,us-west-2,ms-deal-overview,,postgres,13.20,db.t4g.small,db.t4g,No,gp3,100,0,Yes,arn:aws:kms:us-west-2:013612877090:key/e81f4d4f-87ea-4c2a-9a56-a335e17793db,No,vpc-09eddf9011fb0fede,db-subnet-group-dev,NonProd,Unknown,4.28,1136.78,95.00,2022-11-16 21:18:22,1113,1,2025-12-04 19:19:35+00:00,Downsize,db.t4g.small,Low CPU (4.3%) but no smaller type available,
013612877090,us-west-2,ms-deal-shareholder,,postgres,13.20,db.t4g.small,db.t4g,No,gp3,100,0,Yes,arn:aws:kms:us-west-2:013612877090:key/e81f4d4f-87ea-4c2a-9a56-a335e17793db,No,vpc-09eddf9011fb0fede,db-subnet-group-dev,NonProd,Unknown,4.05,1135.08,95.03,2022-07-19 16:43:41,1234,1,2025-12-04 19:19:32+00:00,Downsize,db.t4g.small,Low CPU (4.1%) but no smaller type available,
013612877090,us-west-2,ms-deal-timeline,,postgres,13.20,db.t4g.small,db.t4g,No,gp3,100,0,Yes,arn:aws:kms:us-west-2:013612877090:key/e81f4d4f-87ea-4c2a-9a56-a335e17793db,No,vpc-09eddf9011fb0fede,db-subnet-group-dev,NonProd,Unknown,4.26,1138.19,95.02,2022-04-11 23:58:50,1332,1,2025-12-04 19:19:32+00:00,Downsize,db.t4g.small,Low CPU (4.3%) but no smaller type available,
013612877090,us-west-2,ms-deal-wire-instructions,,postgres,13.20,db.t4g.small,db.t4g,No,gp3,100,0,Yes,arn:aws:kms:us-west-2:013612877090:key/e81f4d4f-87ea-4c2a-9a56-a335e17793db,No,vpc-09eddf9011fb0fede,db-subnet-group-dev,NonProd,Unknown,4.06,1137.57,95.01,2023-09-21 17:40:59,805,1,2025-12-04 19:19:33+00:00,Downsize,db.t4g.small,Low CPU (4.1%) but no smaller type available,
013612877090,us-west-2,ms-internal-admin,,postgres,13.20,db.t4g.small,db.t4g,No,gp3,100,0,Yes,arn:aws:kms:us-west-2:013612877090:key/e81f4d4f-87ea-4c2a-9a56-a335e17793db,No,vpc-09eddf9011fb0fede,db-subnet-group-dev,NonProd,Unknown,4.40,1141.22,95.01,2023-11-18 01:13:04,747,1,2025-12-04 19:19:32+00:00,Downsize,db.t4g.small,Low CPU (4.4%) but no smaller type available,
013612877090,us-west-2,ms-vendor-payments,,postgres,13.20,db.t4g.small,db.t4g,No,gp3,100,0,Yes,arn:aws:kms:us-west-2:013612877090:key/e81f4d4f-87ea-4c2a-9a56-a335e17793db,No,vpc-09eddf9011fb0fede,db-subnet-group-dev,NonProd,Unknown,4.05,1126.76,95.03,2023-09-28 16:15:26,798,1,2025-12-04 19:19:30+00:00,Downsize,db.t4g.small,Low CPU (4.0%) but no smaller type available,
013612877090,us-west-2,ods-sync-psql,,postgres,17.6,db.t3.medium,db.t3,No,gp2,100,1000,Yes,arn:aws:kms:us-west-2:013612877090:key/e81f4d4f-87ea-4c2a-9a56-a335e17793db,Yes,vpc-09eddf9011fb0fede,public-db-subnet-group-dev,NonProd,Unknown,7.85,2216.80,84.72,2025-10-16 22:50:20,48,7,2025-12-04 19:19:32+00:00,Downsize,db.t3.small,Low CPU utilization (7.9%),Consider converting gp2→gp3
013612877090,us-west-2,ods-sync-psql-old1,,postgres,11.22-rds.20250508,db.t3.medium,db.t3,No,gp2,20,1000,Yes,arn:aws:kms:us-west-2:013612877090:key/e81f4d4f-87ea-4c2a-9a56-a335e17793db,Yes,vpc-09eddf9011fb0fede,public-db-subnet-group-dev,NonProd,Unknown,5.81,2375.46,12.27,2021-09-17 18:30:50,1539,7,2025-12-04 19:19:30+00:00,Downsize,db.t3.small,Low CPU utilization (5.8%),Consider converting gp2→gp3
013612877090,us-west-2,openfga,,aurora-postgresql,15.12,db.serverless,db,No,aurora,1,0,Yes,arn:aws:kms:us-west-2:013612877090:key/e81f4d4f-87ea-4c2a-9a56-a335e17793db,No,vpc-09eddf9011fb0fede,openfga-public-subnet-group,NonProd,Unknown,14.02,6171.60,,2025-04-24 19:36:31,223,5,,Downsize,db.serverless,Low CPU (14.0%) but no smaller type available,
013612877090,us-west-2,pactbroker,,aurora-postgresql,15.12,db.serverless,db,No,aurora,1,0,Yes,arn:aws:kms:us-west-2:013612877090:key/e81f4d4f-87ea-4c2a-9a56-a335e17793db,No,vpc-09eddf9011fb0fede,pactbroker-public-subnet-group,NonProd,Unknown,13.31,6417.63,,2025-09-03 17:38:55,92,5,,Downsize,db.serverless,Low CPU (13.3%) but no smaller type available,
013612877090,us-west-2,services-bank-payments,,postgres,13.20,db.t4g.small,db.t4g,No,gp3,100,0,Yes,arn:aws:kms:us-west-2:013612877090:key/e81f4d4f-87ea-4c2a-9a56-a335e17793db,No,vpc-09eddf9011fb0fede,db-subnet-group-dev,NonProd,Unknown,4.25,1131.76,95.00,2022-07-01 15:19:41,1252,1,2025-12-04 19:19:32+00:00,Downsize,db.t4g.small,Low CPU (4.2%) but no smaller type available,
013612877090,us-west-2,shield-psql,,postgres,11.22-rds.20250508,db.t3.small,db.t3,No,gp2,20,1000,Yes,arn:aws:kms:us-west-2:013612877090:key/e81f4d4f-87ea-4c2a-9a56-a335e17793db,No,vpc-09eddf9011fb0fede,db-subnet-group-dev,Prod,Unknown,5.21,1146.56,17.11,2021-09-21 21:44:19,1534,7,2025-12-04 19:19:31+00:00,Downsize,db.t3.micro,Low CPU utilization (5.2%),Consider converting gp2→gp3
013612877090,us-west-2,sonarqube,,aurora-postgresql,15.12,db.serverless,db,No,aurora,1,0,Yes,arn:aws:kms:us-west-2:013612877090:key/e81f4d4f-87ea-4c2a-9a56-a335e17793db,No,vpc-09eddf9011fb0fede,aurora-private-subnet-group,NonProd,Unknown,13.10,6396.63,,2025-08-20 18:15:54,106,5,,Downsize,db.serverless,Low CPU (13.1%) but no smaller type available,
013612877090,us-west-2,strong-analytics-ml,,postgres,17.4,db.t3.small,db.t3,No,gp3,200,1000,Yes,arn:aws:kms:us-west-2:013612877090:key/e81f4d4f-87ea-4c2a-9a56-a335e17793db,No,vpc-09eddf9011fb0fede,rds-ec2-db-subnet-group-1,Prod,Unknown,3.97,679.47,190.63,2025-03-18 15:03:26,261,7,2025-12-04 19:19:30+00:00,Downsize,db.t3.micro,Low CPU utilization (4.0%),
013612877090,us-west-2,tc,,postgres,16.8,db.t3.micro,db.t3,No,gp2,20,1000,No,,No,vpc-09eddf9011fb0fede,db-subnet-group-dev,Prod,Unknown,3.44,200.29,17.07,2024-05-26 12:43:15,557,7,2025-12-04 19:19:33+00:00,Keep,db.t3.micro,Low CPU (3.4%) but already smallest type,Consider converting gp2→gp3
013612877090,us-west-2,test,,postgres,17.4,db.t3.medium,db.t3,No,gp2,50,0,No,,No,vpc-67d9ba1f,default,Prod,Unknown,3.66,2998.45,46.29,2025-08-07 18:18:41,119,7,2025-12-04 19:19:33+00:00,Downsize,db.t3.small,Low CPU utilization (3.7%),Consider converting gp2→gp3
013612877090,us-west-2,utilities,,postgres,13.20,db.t4g.small,db.t4g,No,gp3,100,0,Yes,arn:aws:kms:us-west-2:013612877090:key/e81f4d4f-87ea-4c2a-9a56-a335e17793db,No,vpc-09eddf9011fb0fede,db-subnet-group-dev,NonProd,Unknown,3.96,1143.69,95.00,2023-12-12 18:42:34,723,1,2025-12-04 19:19:31+00:00,Downsize,db.t4g.small,Low CPU (4.0%) but no smaller type available,
