AccountName,AccountId,Environment,Region,ResourceType,AllVolumeIds,AllocatedStorageGiB,CPUUtilizationPercent,DBInstanceArn,DBInstanceClass,DBInstanceIdentifier,DBInstanceStatus,Engine,EngineVersion,FreeStorageSpaceGiB,InstanceArn,InstanceId,InstanceType,LaunchTime,LaunchYear,MultiAZ,RDSCPUUtilizationPercent,RecommendedPurchaseOption,RecommendedRightSizeClass,RecommendedRightSizeType,RootVolumeId,StorageType,UptimeDays
AWS Development,013612877090,dev,us-west-2,EC2,vol-00853b0ad6fd9f11f,,0.9,,,,,,,,arn:aws:ec2:us-west-2:013612877090:instance/i-002071f300a0cd8e2,i-002071f300a0cd8e2,t3.xlarge,2025-04-25T16:47:06+00:00,2025,,,SavingsPlan,,t3.large,vol-00853b0ad6fd9f11f,,222
AWS Development,013612877090,dev,us-west-2,EC2,vol-053ffe219d4c473c5,,0.5,,,,,,,,arn:aws:ec2:us-west-2:013612877090:instance/i-0ef44815c667c08ad,i-0ef44815c667c08ad,g5.xlarge,2025-08-22T01:50:24+00:00,2025,,,SavingsPlan,,,vol-053ffe219d4c473c5,,104
AWS Development,013612877090,dev,us-west-2,EC2,vol-0b8803ba3517b5b62,,0.55,,,,,,,,arn:aws:ec2:us-west-2:013612877090:instance/i-0a1f0faaefc2131f6,i-0a1f0faaefc2131f6,g6e.4xlarge,2025-06-06T18:56:42+00:00,2025,,,SavingsPlan,,,vol-0b8803ba3517b5b62,,180
AWS Development,013612877090,dev,us-west-2,EC2,vol-06969e508837a20b6,,0.0,,,,,,,,arn:aws:ec2:us-west-2:013612877090:instance/i-0db3fcf4ec9d01faa,i-0db3fcf4ec9d01faa,t3.medium,2024-11-13T23:12:37+00:00,2024,,,OnDemand,,t3.small,vol-06969e508837a20b6,,385
AWS Development,013612877090,dev,us-west-2,EC2,vol-06a3da832b75d5dfd,,0.67,,,,,,,,arn:aws:ec2:us-west-2:013612877090:instance/i-00d00c0519c30ed01,i-00d00c0519c30ed01,m7a.large,2025-02-26T04:29:22+00:00,2025,,,SavingsPlan,,,vol-06a3da832b75d5dfd,,280
AWS Development,013612877090,dev,us-west-2,EC2,vol-0e569133f568c32a9,,2.21,,,,,,,,arn:aws:ec2:us-west-2:013612877090:instance/i-03cd531043a18893e,i-03cd531043a18893e,t2.large,2025-04-16T00:17:19+00:00,2025,,,SavingsPlan,,t2.medium,vol-0e569133f568c32a9,,232
AWS Development,013612877090,dev,us-west-2,EC2,vol-0aa29d3a147041789,,0.64,,,,,,,,arn:aws:ec2:us-west-2:013612877090:instance/i-0717182f7de8912b4,i-0717182f7de8912b4,m7a.large,2025-02-26T04:29:22+00:00,2025,,,SavingsPlan,,,vol-0aa29d3a147041789,,280
AWS Development,013612877090,dev,us-west-2,EC2,vol-07bcf517b7da8748f,,3.68,,,,,,,,arn:aws:ec2:us-west-2:013612877090:instance/i-08045589f7b626db4,i-08045589f7b626db4,t3.xlarge,2025-03-13T19:11:28+00:00,2025,,,SavingsPlan,,t3.large,vol-07bcf517b7da8748f,,265
AWS Development,013612877090,dev,us-west-2,EC2,vol-0de4c0990efe883c2,,0.83,,,,,,,,arn:aws:ec2:us-west-2:013612877090:instance/i-0240c9bbaa797b29f,i-0240c9bbaa797b29f,t3.small,2025-06-12T05:00:23+00:00,2025,,,SavingsPlan,,t3.micro,vol-0de4c0990efe883c2,,174
AWS Development,013612877090,dev,us-west-2,EC2,vol-02f00a480137c70ca,,9.98,,,,,,,,arn:aws:ec2:us-west-2:013612877090:instance/i-068a3474fe3f77083,i-068a3474fe3f77083,m5.4xlarge,2025-11-10T20:02:26+00:00,2025,,,OnDemand,,m5.2xlarge,vol-02f00a480137c70ca,,23
AWS Development,013612877090,dev,us-west-2,EC2,vol-05930310f88562e37,,0.0,,,,,,,,arn:aws:ec2:us-west-2:013612877090:instance/i-0a0cd207b826e4fa8,i-0a0cd207b826e4fa8,t3.medium,2025-07-03T19:17:18+00:00,2025,,,OnDemand,,t3.small,vol-05930310f88562e37,,153
AWS Development,013612877090,dev,us-west-2,EC2,vol-03280e8faba41f22f,,0.06,,,,,,,,arn:aws:ec2:us-west-2:013612877090:instance/i-01e05ac27ea534446,i-01e05ac27ea534446,m5.4xlarge,2025-11-06T20:49:55+00:00,2025,,,OnDemand,,m5.2xlarge,vol-03280e8faba41f22f,,27
AWS Development,013612877090,dev,us-west-2,EC2,vol-0a4351c4a66349124,,0.17,,,,,,,,arn:aws:ec2:us-west-2:013612877090:instance/i-0f17e81b3f4c36dce,i-0f17e81b3f4c36dce,t3.small,2025-10-03T20:18:23+00:00,2025,,,SavingsPlan,,t3.micro,vol-0a4351c4a66349124,,61
AWS Development,013612877090,dev,us-west-2,EC2,vol-056ce6eb5ec838192,,0.16,,,,,,,,arn:aws:ec2:us-west-2:013612877090:instance/i-0123cc486d8165727,i-0123cc486d8165727,t3.small,2025-10-03T20:15:13+00:00,2025,,,SavingsPlan,,t3.micro,vol-056ce6eb5ec838192,,61
AWS Development,013612877090,dev,us-west-2,EC2,vol-0fdb7f506a05e97b0,,0.37,,,,,,,,arn:aws:ec2:us-west-2:013612877090:instance/i-0b6cddb9bc58975ff,i-0b6cddb9bc58975ff,t3.micro,2025-08-05T02:00:34+00:00,2025,,,SavingsPlan,,t3.nano,vol-0fdb7f506a05e97b0,,121
AWS Development,013612877090,dev,us-west-2,EC2,vol-0936c5a58a1794e0f,,0.0,,,,,,,,arn:aws:ec2:us-west-2:013612877090:instance/i-017c4fbce2b2cb7b1,i-017c4fbce2b2cb7b1,t2.medium,2025-08-25T19:42:18+00:00,2025,,,OnDemand,,t2.small,vol-0936c5a58a1794e0f,,100
AWS Development,013612877090,dev,us-west-2,EC2,vol-0667d2afe072f9845,,0.09,,,,,,,,arn:aws:ec2:us-west-2:013612877090:instance/i-00febee95b0cdfd30,i-00febee95b0cdfd30,m5.xlarge,2025-09-03T18:42:22+00:00,2025,,,SavingsPlan,,m5.large,vol-0667d2afe072f9845,,91
AWS Development,013612877090,dev,us-west-2,EC2,vol-071fc1da4fa8cdb89,,0.09,,,,,,,,arn:aws:ec2:us-west-2:013612877090:instance/i-0dc0829cf701dd604,i-0dc0829cf701dd604,m5.xlarge,2025-09-03T18:42:22+00:00,2025,,,SavingsPlan,,m5.large,vol-071fc1da4fa8cdb89,,91
AWS Development,013612877090,dev,us-west-2,EC2,vol-098e1fc016970c3b2,,0.14,,,,,,,,arn:aws:ec2:us-west-2:013612877090:instance/i-05a9a95e82aedb154,i-05a9a95e82aedb154,t3.medium,2025-09-03T18:42:19+00:00,2025,,,SavingsPlan,,t3.small,vol-098e1fc016970c3b2,,91
AWS Development,013612877090,dev,us-west-2,EC2,vol-0dd93863069980efe,,0.15,,,,,,,,arn:aws:ec2:us-west-2:013612877090:instance/i-06283268f4dbe9454,i-06283268f4dbe9454,t3.medium,2025-09-03T18:42:19+00:00,2025,,,SavingsPlan,,t3.small,vol-0dd93863069980efe,,91
AWS Development,013612877090,dev,us-west-2,EC2,vol-0a69ac243619dec24,,0.27,,,,,,,,arn:aws:ec2:us-west-2:013612877090:instance/i-0b0d236eb331a67e3,i-0b0d236eb331a67e3,m5.large,2025-09-23T20:13:01+00:00,2025,,,SavingsPlan,,m5.large,vol-0a69ac243619dec24,,71
AWS Development,013612877090,dev,us-west-2,EC2,vol-0abb3095f7cc0697d,,0.62,,,,,,,,arn:aws:ec2:us-west-2:013612877090:instance/i-00e93682d3972d406,i-00e93682d3972d406,t3.small,2025-09-10T05:08:25+00:00,2025,,,SavingsPlan,,t3.micro,vol-0abb3095f7cc0697d,,84
AWS Development,013612877090,dev,us-west-2,EC2,vol-0902683a41af6d5c4,,8.5,,,,,,,,arn:aws:ec2:us-west-2:013612877090:instance/i-0ddc0f9b440397f36,i-0ddc0f9b440397f36,t3.xlarge,2025-12-03T18:00:37+00:00,2025,,,OnDemand,,t3.large,vol-0902683a41af6d5c4,,0
AWS Development,013612877090,dev,us-west-2,EC2,,,6.54,,,,,,,,arn:aws:ec2:us-west-2:013612877090:instance/i-0cd427564b6316f1d,i-0cd427564b6316f1d,t3.xlarge,2025-12-04T02:30:15+00:00,2025,,,OnDemand,,t3.large,,,0
AWS Development,013612877090,dev,us-west-2,EC2,,,7.82,,,,,,,,arn:aws:ec2:us-west-2:013612877090:instance/i-00f55345ffc3367be,i-00f55345ffc3367be,t3.xlarge,2025-12-04T03:00:20+00:00,2025,,,OnDemand,,t3.large,,,0
AWS Development,013612877090,dev,us-west-2,EC2,vol-0232e8620e11df536,,8.04,,,,,,,,arn:aws:ec2:us-west-2:013612877090:instance/i-0b3a315095e065844,i-0b3a315095e065844,t3.xlarge,2025-12-01T12:46:37+00:00,2025,,,OnDemand,,t3.large,vol-0232e8620e11df536,,2
AWS Development,013612877090,dev,us-west-2,EC2,vol-078e8e8c850ce8170,,7.03,,,,,,,,arn:aws:ec2:us-west-2:013612877090:instance/i-0641c334fb1b479a1,i-0641c334fb1b479a1,t3.xlarge,2025-12-02T19:00:43+00:00,2025,,,OnDemand,,t3.large,vol-078e8e8c850ce8170,,1
AWS Development,013612877090,dev,us-west-2,EC2,vol-051d7607304ea0a84,,7.21,,,,,,,,arn:aws:ec2:us-west-2:013612877090:instance/i-0e363404d093eba47,i-0e363404d093eba47,t3.xlarge,2025-12-02T19:02:36+00:00,2025,,,OnDemand,,t3.large,vol-051d7607304ea0a84,,1
AWS Development,013612877090,dev,us-west-2,EC2,"vol-0bdfdb79868222052,vol-060327cef7dd963a2,vol-026822d713a8d6d82",,10.97,,,,,,,,arn:aws:ec2:us-west-2:013612877090:instance/i-0aa533f081f8168b9,i-0aa533f081f8168b9,t3.xlarge,2025-12-03T18:01:29+00:00,2025,,,OnDemand,,t3.large,vol-0bdfdb79868222052,,0
AWS Development,013612877090,dev,us-west-2,EC2,vol-02054d773553c62b3,,0.21,,,,,,,,arn:aws:ec2:us-west-2:013612877090:instance/i-0fcb1d0af2a1c2065,i-0fcb1d0af2a1c2065,c5n.large,2025-12-03T18:19:10+00:00,2025,,,OnDemand,,,vol-02054d773553c62b3,,0
AWS Development,013612877090,dev,us-west-2,EC2,vol-06d7d4a177af9bea5,,10.69,,,,,,,,arn:aws:ec2:us-west-2:013612877090:instance/i-0803868d940b37473,i-0803868d940b37473,t3.xlarge,2025-12-03T18:31:50+00:00,2025,,,OnDemand,,t3.large,vol-06d7d4a177af9bea5,,0
AWS Development,013612877090,dev,us-west-2,EC2,vol-0555d330f3f6db5f5,,6.63,,,,,,,,arn:aws:ec2:us-west-2:013612877090:instance/i-069abf73be8161aba,i-069abf73be8161aba,t3.xlarge,2025-11-30T20:44:39+00:00,2025,,,OnDemand,,t3.large,vol-0555d330f3f6db5f5,,3
AWS Development,013612877090,dev,us-west-2,EC2,vol-0d5d91ec7cbe6ab25,,7.19,,,,,,,,arn:aws:ec2:us-west-2:013612877090:instance/i-0b5e05ca289d955f1,i-0b5e05ca289d955f1,t3.xlarge,2025-12-02T19:00:43+00:00,2025,,,OnDemand,,t3.large,vol-0d5d91ec7cbe6ab25,,1
AWS Development,013612877090,dev,us-west-2,EC2,vol-01abb66f9a5736bab,,8.89,,,,,,,,arn:aws:ec2:us-west-2:013612877090:instance/i-04c7420c334a44546,i-04c7420c334a44546,t3.xlarge,2025-12-02T19:02:36+00:00,2025,,,OnDemand,,t3.large,vol-01abb66f9a5736bab,,1
AWS Development,013612877090,dev,us-west-2,EC2,vol-070496c992081d7b9,,2.5,,,,,,,,arn:aws:ec2:us-west-2:013612877090:instance/i-0be4f7fa269ba6829,i-0be4f7fa269ba6829,m5.xlarge,2025-12-03T12:21:04+00:00,2025,,,OnDemand,,m5.large,vol-070496c992081d7b9,,0
AWS Development,013612877090,dev,us-west-2,EC2,vol-08c23f6ea01ebe7cb,,10.92,,,,,,,,arn:aws:ec2:us-west-2:013612877090:instance/i-0870bc547d0d07d7f,i-0870bc547d0d07d7f,t3.xlarge,2025-11-21T21:08:51+00:00,2025,,,OnDemand,,t3.large,vol-08c23f6ea01ebe7cb,,12
AWS Development,013612877090,dev,us-west-2,EC2,vol-033c2ed764984ebe8,,13.12,,,,,,,,arn:aws:ec2:us-west-2:013612877090:instance/i-0268dcac1e5c8fc79,i-0268dcac1e5c8fc79,t3.xlarge,2025-12-01T19:23:21+00:00,2025,,,OnDemand,,t3.large,vol-033c2ed764984ebe8,,2
AWS Development,013612877090,dev,us-west-2,EC2,vol-08d07ffc329c3320b,,2.14,,,,,,,,arn:aws:ec2:us-west-2:013612877090:instance/i-05b5145ba588a7324,i-05b5145ba588a7324,m5.xlarge,2025-12-03T13:47:59+00:00,2025,,,OnDemand,,m5.large,vol-08d07ffc329c3320b,,0
AWS Development,013612877090,dev,us-west-2,EC2,vol-0b89082e0d74a95ec,,2.7,,,,,,,,arn:aws:ec2:us-west-2:013612877090:instance/i-08fb662b4dd58452a,i-08fb662b4dd58452a,m5.xlarge,2025-12-03T13:08:02+00:00,2025,,,OnDemand,,m5.large,vol-0b89082e0d74a95ec,,0
AWS Development,013612877090,dev,us-west-2,EC2,"vol-005f5b6d8f0a9bdd3,vol-0b28a8020d8abf387",,6.23,,,,,,,,arn:aws:ec2:us-west-2:013612877090:instance/i-049811bd83a7af13a,i-049811bd83a7af13a,c5n.2xlarge,2025-12-03T18:28:57+00:00,2025,,,OnDemand,,,vol-005f5b6d8f0a9bdd3,,0
AWS Development,013612877090,dev,us-west-2,EC2,vol-038efa4fa5596b10a,,6.89,,,,,,,,arn:aws:ec2:us-west-2:013612877090:instance/i-07949859ba07bc83e,i-07949859ba07bc83e,t3.xlarge,2025-12-01T03:18:35+00:00,2025,,,OnDemand,,t3.large,vol-038efa4fa5596b10a,,3
AWS Development,013612877090,dev,us-west-2,EC2,"vol-0ac1e7294df8c232e,vol-0776961ce5d6d328e",,9.95,,,,,,,,arn:aws:ec2:us-west-2:013612877090:instance/i-0cf44d614d3181f57,i-0cf44d614d3181f57,t3.xlarge,2025-12-02T04:25:23+00:00,2025,,,OnDemand,,t3.large,vol-0ac1e7294df8c232e,,1
AWS Development,013612877090,dev,us-west-2,EC2,vol-04e6f5eafe90f267a,,7.04,,,,,,,,arn:aws:ec2:us-west-2:013612877090:instance/i-0eeee7d4c04e088b3,i-0eeee7d4c04e088b3,t3.xlarge,2025-12-02T17:47:16+00:00,2025,,,OnDemand,,t3.large,vol-04e6f5eafe90f267a,,1
AWS Development,013612877090,dev,us-west-2,EC2,vol-042e74db348487f8f,,9.84,,,,,,,,arn:aws:ec2:us-west-2:013612877090:instance/i-0ea870f10715452ca,i-0ea870f10715452ca,t3.xlarge,2025-12-03T09:17:42+00:00,2025,,,OnDemand,,t3.large,vol-042e74db348487f8f,,0
AWS Development,013612877090,dev,us-west-2,EC2,vol-0669cca0d7a6680e0,,8.7,,,,,,,,arn:aws:ec2:us-west-2:013612877090:instance/i-0300e2ee1196d66fc,i-0300e2ee1196d66fc,t3.xlarge,2025-12-03T18:01:50+00:00,2025,,,OnDemand,,t3.large,vol-0669cca0d7a6680e0,,0
AWS Development,013612877090,dev,us-west-2,EC2,vol-06ca9973a9a694579,,6.59,,,,,,,,arn:aws:ec2:us-west-2:013612877090:instance/i-000696983b07ace70,i-000696983b07ace70,t3.xlarge,2025-12-02T19:04:19+00:00,2025,,,OnDemand,,t3.large,vol-06ca9973a9a694579,,1
AWS Development,013612877090,dev,us-west-2,EC2,vol-02fa5e5df1d750dfe,,7.19,,,,,,,,arn:aws:ec2:us-west-2:013612877090:instance/i-04df03a484e5eda5b,i-04df03a484e5eda5b,t3.xlarge,2025-12-02T19:04:19+00:00,2025,,,OnDemand,,t3.large,vol-02fa5e5df1d750dfe,,1
AWS Development,013612877090,dev,us-west-2,EC2,"vol-0ca979727ce6d9d6d,vol-0696fdbd2032a570c,vol-0655e87ca0afed986",,8.1,,,,,,,,arn:aws:ec2:us-west-2:013612877090:instance/i-0a6bef6dec9e63935,i-0a6bef6dec9e63935,t3.xlarge,2025-12-03T18:00:16+00:00,2025,,,OnDemand,,t3.large,vol-0ca979727ce6d9d6d,,0
AWS Development,013612877090,dev,us-west-2,EC2,vol-00c45d0997a9ca48f,,12.81,,,,,,,,arn:aws:ec2:us-west-2:013612877090:instance/i-0c5e8499f4befd2b5,i-0c5e8499f4befd2b5,t3.xlarge,2025-12-04T03:30:15+00:00,2025,,,OnDemand,,t3.large,vol-00c45d0997a9ca48f,,0
AWS Development,013612877090,dev,us-west-2,RDS,,50,,arn:aws:rds:us-west-2:013612877090:db:adel-test-rds,db.t3.medium,adel-test-rds,available,postgres,17.4,46.31,,,,,,False,3.63,,db.t3.small,,,gp2,
AWS Development,013612877090,dev,us-west-2,RDS,,20,,arn:aws:rds:us-west-2:013612877090:db:apo-prod,db.t3.micro,apo-prod,available,postgres,15.12,16.98,,,,,,False,3.23,,db.t3.micro,,,gp2,
AWS Development,013612877090,dev,us-west-2,RDS,,20,,arn:aws:rds:us-west-2:013612877090:db:appsec,db.t4g.micro,appsec,available,postgres,17.4,17.06,,,,,,False,3.31,,db.t4g.micro,,,gp2,
AWS Development,013612877090,dev,us-west-2,RDS,,500,,arn:aws:rds:us-west-2:013612877090:db:bpowell,db.t4g.medium,bpowell,available,postgres,14.17,275.42,,,,,,False,4.76,,db.t4g.small,,,gp2,
AWS Development,013612877090,dev,us-west-2,RDS,,250,,arn:aws:rds:us-west-2:013612877090:db:clearhouse,db.t3.small,clearhouse,available,mariadb,10.11.13,240.99,,,,,,True,2.89,,db.t3.micro,,,gp3,
AWS Development,013612877090,dev,us-west-2,RDS,,200,,arn:aws:rds:us-west-2:013612877090:db:cortado-dev,db.m5.large,cortado-dev,available,mysql,8.0.42,191.56,,,,,,True,2.55,,db.m5.large,,,gp2,
AWS Development,013612877090,dev,us-west-2,RDS,,1,,arn:aws:rds:us-west-2:013612877090:db:domain-services,db.serverless,domain-services,available,aurora-postgresql,15.12,0.0,,,,,,False,1.15,,,,,aurora,
AWS Development,013612877090,dev,us-west-2,RDS,,20,,arn:aws:rds:us-west-2:013612877090:db:dts-marketstandard-quicksight,db.t3.micro,dts-marketstandard-quicksight,available,postgres,13.20,17.03,,,,,,False,4.12,,db.t3.micro,,,gp2,
AWS Development,013612877090,dev,us-west-2,RDS,,1,,arn:aws:rds:us-west-2:013612877090:db:intappactlog,db.serverless,intappactlog,available,aurora-postgresql,15.12,0.0,,,,,,False,13.4,,,,,aurora,
AWS Development,013612877090,dev,us-west-2,RDS,,250,,arn:aws:rds:us-west-2:013612877090:db:intctrl,db.t3.large,intctrl,available,postgres,14.17,241.09,,,,,,True,4.97,,db.t3.medium,,,gp3,
AWS Development,013612877090,dev,us-west-2,RDS,,100,,arn:aws:rds:us-west-2:013612877090:db:laa-authz,db.t4g.small,laa-authz,available,postgres,13.20,94.98,,,,,,False,4.62,,db.t4g.micro,,,gp3,
AWS Development,013612877090,dev,us-west-2,RDS,,100,,arn:aws:rds:us-west-2:013612877090:db:lad,db.t4g.medium,lad,available,postgres,13.20,94.76,,,,,,False,4.28,,db.t4g.small,,,gp3,
AWS Development,013612877090,dev,us-west-2,RDS,,20,,arn:aws:rds:us-west-2:013612877090:db:life-science-study-quicksight,db.t3.micro,life-science-study-quicksight,available,postgres,14.17,17.05,,,,,,False,4.34,,db.t3.micro,,,gp2,
AWS Development,013612877090,dev,us-west-2,RDS,,100,,arn:aws:rds:us-west-2:013612877090:db:marketstandard,db.t4g.small,marketstandard,available,postgres,13.20,94.8,,,,,,False,4.06,,db.t4g.micro,,,gp3,
AWS Development,013612877090,dev,us-west-2,RDS,,100,,arn:aws:rds:us-west-2:013612877090:db:mlflow,db.t4g.small,mlflow,available,postgres,13.20,95.0,,,,,,False,4.54,,db.t4g.micro,,,gp3,
AWS Development,013612877090,dev,us-west-2,RDS,,100,,arn:aws:rds:us-west-2:013612877090:db:ms-bankch-validation,db.t4g.small,ms-bankch-validation,available,postgres,13.20,95.03,,,,,,False,4.13,,db.t4g.micro,,,gp3,
AWS Development,013612877090,dev,us-west-2,RDS,,100,,arn:aws:rds:us-west-2:013612877090:db:ms-bank-validation,db.t4g.small,ms-bank-validation,available,postgres,13.20,95.0,,,,,,False,4.09,,db.t4g.micro,,,gp3,
AWS Development,013612877090,dev,us-west-2,RDS,,100,,arn:aws:rds:us-west-2:013612877090:db:ms-brokerage-accounts,db.t4g.small,ms-brokerage-accounts,available,postgres,13.20,95.0,,,,,,False,4.11,,db.t4g.micro,,,gp3,
AWS Development,013612877090,dev,us-west-2,RDS,,1,,arn:aws:rds:us-west-2:013612877090:db:ms-deal-authorization,db.serverless,ms-deal-authorization,available,aurora-postgresql,15.12,0.0,,,,,,False,13.37,,,,,aurora,
AWS Development,013612877090,dev,us-west-2,RDS,,100,,arn:aws:rds:us-west-2:013612877090:db:ms-deal-contacts,db.t4g.small,ms-deal-contacts,available,postgres,13.20,95.0,,,,,,False,4.36,,db.t4g.micro,,,gp3,
AWS Development,013612877090,dev,us-west-2,RDS,,100,,arn:aws:rds:us-west-2:013612877090:db:ms-deal-escrows,db.t4g.small,ms-deal-escrows,available,postgres,13.20,95.02,,,,,,False,4.15,,db.t4g.micro,,,gp3,
AWS Development,013612877090,dev,us-west-2,RDS,,100,,arn:aws:rds:us-west-2:013612877090:db:ms-deal-kyc,db.t4g.small,ms-deal-kyc,available,postgres,13.20,95.01,,,,,,False,4.52,,db.t4g.micro,,,gp3,
AWS Development,013612877090,dev,us-west-2,RDS,,100,,arn:aws:rds:us-west-2:013612877090:db:ms-deal-overview,db.t4g.small,ms-deal-overview,available,postgres,13.20,95.01,,,,,,False,4.3,,db.t4g.micro,,,gp3,
AWS Development,013612877090,dev,us-west-2,RDS,,100,,arn:aws:rds:us-west-2:013612877090:db:ms-deal-shareholder,db.t4g.small,ms-deal-shareholder,available,postgres,13.20,95.04,,,,,,False,3.96,,db.t4g.micro,,,gp3,
AWS Development,013612877090,dev,us-west-2,RDS,,100,,arn:aws:rds:us-west-2:013612877090:db:ms-deal-timeline,db.t4g.small,ms-deal-timeline,available,postgres,13.20,94.99,,,,,,False,4.27,,db.t4g.micro,,,gp3,
AWS Development,013612877090,dev,us-west-2,RDS,,100,,arn:aws:rds:us-west-2:013612877090:db:ms-deal-wire-instructions,db.t4g.small,ms-deal-wire-instructions,available,postgres,13.20,95.01,,,,,,False,3.93,,db.t4g.micro,,,gp3,
AWS Development,013612877090,dev,us-west-2,RDS,,100,,arn:aws:rds:us-west-2:013612877090:db:ms-internal-admin,db.t4g.small,ms-internal-admin,available,postgres,13.20,95.03,,,,,,False,4.29,,db.t4g.micro,,,gp3,
AWS Development,013612877090,dev,us-west-2,RDS,,100,,arn:aws:rds:us-west-2:013612877090:db:ms-vendor-payments,db.t4g.small,ms-vendor-payments,available,postgres,13.20,95.04,,,,,,False,4.02,,db.t4g.micro,,,gp3,
AWS Development,013612877090,dev,us-west-2,RDS,,100,,arn:aws:rds:us-west-2:013612877090:db:ods-sync-psql,db.t3.medium,ods-sync-psql,available,postgres,17.6,89.04,,,,,,False,8.74,,db.t3.small,,,gp2,
AWS Development,013612877090,dev,us-west-2,RDS,,20,,arn:aws:rds:us-west-2:013612877090:db:ods-sync-psql-old1,db.t3.medium,ods-sync-psql-old1,available,postgres,11.22-rds.20250508,12.3,,,,,,False,5.78,,db.t3.small,,,gp2,
AWS Development,013612877090,dev,us-west-2,RDS,,1,,arn:aws:rds:us-west-2:013612877090:db:openfga,db.serverless,openfga,available,aurora-postgresql,15.12,0.0,,,,,,False,13.96,,,,,aurora,
AWS Development,013612877090,dev,us-west-2,RDS,,1,,arn:aws:rds:us-west-2:013612877090:db:pactbroker,db.serverless,pactbroker,available,aurora-postgresql,15.12,0.0,,,,,,False,13.62,,,,,aurora,
AWS Development,013612877090,dev,us-west-2,RDS,,100,,arn:aws:rds:us-west-2:013612877090:db:services-bank-payments,db.t4g.small,services-bank-payments,available,postgres,13.20,94.98,,,,,,False,4.29,,db.t4g.micro,,,gp3,
AWS Development,013612877090,dev,us-west-2,RDS,,20,,arn:aws:rds:us-west-2:013612877090:db:shield-psql,db.t3.small,shield-psql,available,postgres,11.22-rds.20250508,17.12,,,,,,False,5.19,,db.t3.micro,,,gp2,
AWS Development,013612877090,dev,us-west-2,RDS,,1,,arn:aws:rds:us-west-2:013612877090:db:sonarqube,db.serverless,sonarqube,available,aurora-postgresql,15.12,0.0,,,,,,False,13.1,,,,,aurora,
AWS Development,013612877090,dev,us-west-2,RDS,,200,,arn:aws:rds:us-west-2:013612877090:db:strong-analytics-ml,db.t3.small,strong-analytics-ml,available,postgres,17.4,190.62,,,,,,False,3.91,,db.t3.micro,,,gp3,
AWS Development,013612877090,dev,us-west-2,RDS,,20,,arn:aws:rds:us-west-2:013612877090:db:tc,db.t3.micro,tc,available,postgres,16.8,17.07,,,,,,False,3.42,,db.t3.micro,,,gp2,
AWS Development,013612877090,dev,us-west-2,RDS,,50,,arn:aws:rds:us-west-2:013612877090:db:test,db.t3.medium,test,available,postgres,17.4,46.29,,,,,,False,3.65,,db.t3.small,,,gp2,
AWS Development,013612877090,dev,us-west-2,RDS,,100,,arn:aws:rds:us-west-2:013612877090:db:utilities,db.t4g.small,utilities,available,postgres,13.20,95.02,,,,,,False,3.94,,db.t4g.micro,,,gp3,
