AccountName,AccountId,Environment,Region,ResourceType,AllVolumeIds,AllocatedStorageGiB,CPUUtilizationPercent,DBInstanceArn,DBInstanceClass,DBInstanceIdentifier,DBInstanceStatus,Engine,EngineVersion,FreeStorageSpaceGiB,InstanceArn,InstanceId,InstanceType,LaunchTime,LaunchYear,MultiAZ,RDSCPUUtilizationPercent,RecommendedPurchaseOption,RecommendedRightSizeClass,RecommendedRightSizeType,RootVolumeId,StorageType,UptimeDays
Charles Mount,198161015548,ops,us-east-1,EC2,"vol-8a0e98cf,vol-ed0e98a8,vol-440f9901",,0.0,,,,,,,,arn:aws:ec2:us-east-1:198161015548:instance/i-a409368e,i-a409368e,c3.xlarge,2021-06-04T23:51:24+00:00,2021,,,OnDemand,,,vol-8a0e98cf,,1643
Charles Mount,198161015548,ops,us-east-1,EC2,"vol-72f16337,vol-6ef1632b",,3.06,,,,,,,,arn:aws:ec2:us-east-1:198161015548:instance/i-a12f2a8b,i-a12f2a8b,m3.xlarge,2023-09-21T19:46:34+00:00,2023,,,SavingsPlan,,,vol-72f16337,,804
Charles Mount,198161015548,production,us-east-1,EC2,vol-87f5ffcf,,1.06,,,,,,,,arn:aws:ec2:us-east-1:198161015548:instance/i-85cebc6f,i-85cebc6f,m3.medium,2025-02-06T19:34:30+00:00,2025,,,SavingsPlan,,,vol-87f5ffcf,,300
Charles Mount,198161015548,prod-finance,us-east-1,EC2,vol-ea1dbcae,,3.41,,,,,,,,arn:aws:ec2:us-east-1:198161015548:instance/i-5b08ffb7,i-5b08ffb7,t2.micro,2017-05-26T16:52:42+00:00,2017,,,SavingsPlan,,t2.nano,vol-ea1dbcae,,3113
Charles Mount,198161015548,production,us-east-1,EC2,vol-2cffc863,,1.07,,,,,,,,arn:aws:ec2:us-east-1:198161015548:instance/i-4d83e062,i-4d83e062,m3.medium,2025-09-12T20:41:48+00:00,2025,,,SavingsPlan,,,vol-2cffc863,,82
Charles Mount,198161015548,prod-finance,us-east-1,EC2,vol-dc81fcaa,,0.0,,,,,,,,arn:aws:ec2:us-east-1:198161015548:instance/i-52cfda7c,i-52cfda7c,c3.xlarge,2021-10-14T20:18:26+00:00,2021,,,OnDemand,,,vol-dc81fcaa,,1511
Charles Mount,198161015548,production,us-east-1,EC2,"vol-72e4d2bb,vol-7eb4b9f0",,11.35,,,,,,,,arn:aws:ec2:us-east-1:198161015548:instance/i-d75fe03e,i-d75fe03e,m4.2xlarge,2017-08-10T04:05:04+00:00,2017,,,SavingsPlan,,,vol-72e4d2bb,,3038
Charles Mount,198161015548,production,us-east-1,EC2,"vol-e5d8ee2c,vol-0baf647b19bccf1af",,0.52,,,,,,,,arn:aws:ec2:us-east-1:198161015548:instance/i-5141feb8,i-5141feb8,m4.large,2023-09-13T22:03:57+00:00,2023,,,SavingsPlan,,,vol-e5d8ee2c,,812
Charles Mount,198161015548,production,us-east-1,EC2,vol-721b1ebb,,3.19,,,,,,,,arn:aws:ec2:us-east-1:198161015548:instance/i-27e568ce,i-27e568ce,c4.large,2023-04-19T06:19:49+00:00,2023,,,SavingsPlan,,,vol-721b1ebb,,959
Charles Mount,198161015548,production,us-east-1,EC2,vol-3b1aeef3,,15.86,,,,,,,,arn:aws:ec2:us-east-1:198161015548:instance/i-9da1e574,i-9da1e574,m4.xlarge,2018-04-11T02:30:49+00:00,2018,,,SavingsPlan,,,vol-3b1aeef3,,2794
Charles Mount,198161015548,production,us-east-1,EC2,"vol-a1bd7969,vol-5bc10593",,8.33,,,,,,,,arn:aws:ec2:us-east-1:198161015548:instance/i-a9752240,i-a9752240,m3.xlarge,2023-09-14T22:04:17+00:00,2023,,,SavingsPlan,,,vol-a1bd7969,,811
Charles Mount,198161015548,ops,us-east-1,EC2,"vol-8e259a96,vol-96259a8e",,3.14,,,,,,,,arn:aws:ec2:us-east-1:198161015548:instance/i-9ab42e7b,i-9ab42e7b,m3.xlarge,2023-04-03T15:33:05+00:00,2023,,,SavingsPlan,,,vol-8e259a96,,975
Charles Mount,198161015548,staging,us-east-1,EC2,"vol-9e5c2570,vol-06b1b51de0a896a05",,6.23,,,,,,,,arn:aws:ec2:us-east-1:198161015548:instance/i-19859fc9,i-19859fc9,m3.medium,2025-12-02T18:21:40+00:00,2025,,,OnDemand,,,vol-9e5c2570,,1
Charles Mount,198161015548,staging,us-east-1,EC2,vol-9c5c2572,,3.24,,,,,,,,arn:aws:ec2:us-east-1:198161015548:instance/i-9e859f4e,i-9e859f4e,t2.micro,2017-05-30T16:54:37+00:00,2017,,,SavingsPlan,,t2.nano,vol-9c5c2572,,3109
Charles Mount,198161015548,production,us-east-1,EC2,"vol-b7c4c759,vol-09f5796cb7377c942",,0.19,,,,,,,,arn:aws:ec2:us-east-1:198161015548:instance/i-0d6e0ade,i-0d6e0ade,m4.2xlarge,2022-03-11T22:36:35+00:00,2022,,,SavingsPlan,,,vol-b7c4c759,,1363
Charles Mount,198161015548,staging,us-east-1,EC2,vol-04f464e5,,3.83,,,,,,,,arn:aws:ec2:us-east-1:198161015548:instance/i-060794d4,i-060794d4,m3.medium,2023-02-12T17:29:35+00:00,2023,,,SavingsPlan,,,vol-04f464e5,,1025
Charles Mount,198161015548,production,us-east-1,EC2,vol-89ec0d69,,16.54,,,,,,,,arn:aws:ec2:us-east-1:198161015548:instance/i-6545ccb0,i-6545ccb0,m4.xlarge,2022-04-19T00:11:17+00:00,2022,,,SavingsPlan,,,vol-89ec0d69,,1325
Charles Mount,198161015548,staging,us-east-1,EC2,vol-b7cd3257,,2.91,,,,,,,,arn:aws:ec2:us-east-1:198161015548:instance/i-42700397,i-42700397,m4.large,2022-04-20T19:00:31+00:00,2022,,,SavingsPlan,,,vol-b7cd3257,,1323
Charles Mount,198161015548,staging,us-east-1,EC2,vol-a3cf0343,,2.96,,,,,,,,arn:aws:ec2:us-east-1:198161015548:instance/i-a915407c,i-a915407c,t2.medium,2017-08-10T18:10:57+00:00,2017,,,SavingsPlan,,t2.small,vol-a3cf0343,,3037
Charles Mount,198161015548,staging,us-east-1,EC2,vol-5971d4b9,,3.11,,,,,,,,arn:aws:ec2:us-east-1:198161015548:instance/i-efc4fb3a,i-efc4fb3a,t2.micro,2017-05-26T16:47:46+00:00,2017,,,SavingsPlan,,t2.nano,vol-5971d4b9,,3113
Charles Mount,198161015548,production,us-east-1,EC2,vol-c7852427,,0.68,,,,,,,,arn:aws:ec2:us-east-1:198161015548:instance/i-8bc9cd5e,i-8bc9cd5e,c4.large,2018-04-11T02:20:30+00:00,2018,,,SavingsPlan,,,vol-c7852427,,2794
Charles Mount,198161015548,production,us-east-1,EC2,"vol-2e52fdce,vol-bb39dc14",,2.08,,,,,,,,arn:aws:ec2:us-east-1:198161015548:instance/i-d87e770d,i-d87e770d,c4.4xlarge,2022-09-29T19:02:23+00:00,2022,,,SavingsPlan,,,vol-2e52fdce,,1161
Charles Mount,198161015548,production,us-east-1,EC2,"vol-5652fdb6,vol-be39dc11",,2.5,,,,,,,,arn:aws:ec2:us-east-1:198161015548:instance/i-2c7f76f9,i-2c7f76f9,c4.4xlarge,2022-09-29T18:57:04+00:00,2022,,,SavingsPlan,,,vol-5652fdb6,,1161
Charles Mount,198161015548,production,us-east-1,EC2,"vol-4113bca1,vol-9ad6787a",,10.67,,,,,,,,arn:aws:ec2:us-east-1:198161015548:instance/i-53d3da86,i-53d3da86,m3.xlarge,2023-11-28T02:34:45+00:00,2023,,,SavingsPlan,,,vol-4113bca1,,737
Charles Mount,198161015548,staging,us-east-1,EC2,vol-5e0d86be,,0.42,,,,,,,,arn:aws:ec2:us-east-1:198161015548:instance/i-fafc372e,i-fafc372e,c4.2xlarge,2020-09-09T01:42:38+00:00,2020,,,SavingsPlan,,,vol-5e0d86be,,1912
Charles Mount,198161015548,production,us-east-1,EC2,"vol-59afc1b9,vol-3fc694a3",,27.21,,,,,,,,arn:aws:ec2:us-east-1:198161015548:instance/i-88be045c,i-88be045c,c4.2xlarge,2023-12-21T23:07:18+00:00,2023,,,SavingsPlan,,,vol-59afc1b9,,713
Charles Mount,198161015548,production,us-east-1,EC2,vol-81697f61,,25.29,,,,,,,,arn:aws:ec2:us-east-1:198161015548:instance/i-385dafef,i-385dafef,c4.large,2024-07-17T02:05:39+00:00,2024,,,SavingsPlan,,,vol-81697f61,,505
Charles Mount,198161015548,staging,us-east-1,EC2,vol-76193bde,,0.52,,,,,,,,arn:aws:ec2:us-east-1:198161015548:instance/i-15c46892,i-15c46892,t3.medium,2023-02-01T02:49:18+00:00,2023,,,SavingsPlan,,t3.small,vol-76193bde,,1037
Charles Mount,198161015548,production,us-east-1,EC2,vol-129db6ba,,0.77,,,,,,,,arn:aws:ec2:us-east-1:198161015548:instance/i-8af05a0d,i-8af05a0d,m3.medium,2016-04-20T18:29:10+00:00,2016,,,SavingsPlan,,,vol-129db6ba,,3514
Charles Mount,198161015548,production,us-east-1,EC2,vol-eb9db643,,0.82,,,,,,,,arn:aws:ec2:us-east-1:198161015548:instance/i-89f05a0e,i-89f05a0e,m3.medium,2023-09-05T17:58:50+00:00,2023,,,SavingsPlan,,,vol-eb9db643,,820
Charles Mount,198161015548,production,us-east-1,EC2,"vol-ae374502,vol-059b6d9e0dbc3b20e",,0.0,,,,,,,,arn:aws:ec2:us-east-1:198161015548:instance/i-d07743c7,i-d07743c7,m3.medium,2021-04-04T21:31:40+00:00,2021,,,OnDemand,,,vol-ae374502,,1704
Charles Mount,198161015548,ops,us-east-1,EC2,"vol-e8c4b804,vol-01746af0bc322a349",,11.57,,,,,,,,arn:aws:ec2:us-east-1:198161015548:instance/i-be4f7601,i-be4f7601,c4.xlarge,2021-08-02T16:44:29+00:00,2021,,,SavingsPlan,,,vol-e8c4b804,,1584
Charles Mount,198161015548,ops,us-east-1,EC2,"vol-e5f7450a,vol-918ef94d",,32.75,,,,,,,,arn:aws:ec2:us-east-1:198161015548:instance/i-0f755cb1,i-0f755cb1,c3.xlarge,2015-12-01T20:27:30+00:00,2015,,,SavingsPlan,,,vol-e5f7450a,,3655
Charles Mount,198161015548,ops,us-east-1,EC2,vol-8ee1335e,,0.64,,,,,,,,arn:aws:ec2:us-east-1:198161015548:instance/i-4c667ad1,i-4c667ad1,c3.large,2024-03-04T18:35:29+00:00,2024,,,SavingsPlan,,,vol-8ee1335e,,639
Charles Mount,198161015548,production,us-east-1,EC2,vol-0bd416004da427a74,,14.62,,,,,,,,arn:aws:ec2:us-east-1:198161015548:instance/i-0f4443498033bdbf8,i-0f4443498033bdbf8,m4.xlarge,2021-04-02T22:45:19+00:00,2021,,,SavingsPlan,,,vol-0bd416004da427a74,,1706
Charles Mount,198161015548,production,us-east-1,EC2,"vol-0c06bf786015791ce,vol-0832bc602052d1392",,2.18,,,,,,,,arn:aws:ec2:us-east-1:198161015548:instance/i-059b953a2e312a39c,i-059b953a2e312a39c,c4.4xlarge,2022-09-29T18:40:52+00:00,2022,,,SavingsPlan,,,vol-0c06bf786015791ce,,1161
Charles Mount,198161015548,production-a,us-east-1,EC2,vol-07d253eb1ff29fc21,,0.0,,,,,,,,arn:aws:ec2:us-east-1:198161015548:instance/i-0e002527a16392fa1,i-0e002527a16392fa1,m3.medium,2017-01-18T19:46:52+00:00,2017,,,OnDemand,,,vol-07d253eb1ff29fc21,,3241
Charles Mount,198161015548,production,us-east-1,EC2,"vol-0492c454b8b4ab619,vol-048499970c2a1c346",,2.49,,,,,,,,arn:aws:ec2:us-east-1:198161015548:instance/i-01400e7184ad7c200,i-01400e7184ad7c200,c4.4xlarge,2022-09-29T18:29:09+00:00,2022,,,SavingsPlan,,,vol-0492c454b8b4ab619,,1161
Charles Mount,198161015548,production,us-east-1,EC2,vol-0c417555ae0e79846,,41.06,,,,,,,,arn:aws:ec2:us-east-1:198161015548:instance/i-037dd9ecaff681075,i-037dd9ecaff681075,m4.xlarge,2017-05-22T18:37:58+00:00,2017,,,SavingsPlan,,,vol-0c417555ae0e79846,,3117
Charles Mount,198161015548,production,us-east-1,EC2,vol-045a147e5cefdba2c,,0.41,,,,,,,,arn:aws:ec2:us-east-1:198161015548:instance/i-0159503f72c77e1e5,i-0159503f72c77e1e5,c4.large,2017-09-20T19:28:19+00:00,2017,,,SavingsPlan,,,vol-045a147e5cefdba2c,,2996
Charles Mount,198161015548,prod-finance,us-east-1,EC2,vol-06caf610234f2415d,,0.0,,,,,,,,arn:aws:ec2:us-east-1:198161015548:instance/i-0eb8bbfffdd2f3ec7,i-0eb8bbfffdd2f3ec7,c4.large,2017-09-21T17:44:01+00:00,2017,,,OnDemand,,,vol-06caf610234f2415d,,2995
Charles Mount,198161015548,staging,us-east-1,EC2,"vol-05bfe000b0fd41867,vol-097bf20f0407e7fd9",,0.0,,,,,,,,arn:aws:ec2:us-east-1:198161015548:instance/i-05bc73a0c7e562ce0,i-05bc73a0c7e562ce0,m3.medium,2023-01-18T17:17:55+00:00,2023,,,OnDemand,,,vol-05bfe000b0fd41867,,1050
Charles Mount,198161015548,prod-finance,us-east-1,EC2,vol-0564a0474f61bac91,,0.0,,,,,,,,arn:aws:ec2:us-east-1:198161015548:instance/i-0d106f55f0dd4fcdc,i-0d106f55f0dd4fcdc,t2.micro,2022-09-12T21:31:10+00:00,2022,,,OnDemand,,t2.nano,vol-0564a0474f61bac91,,1178
Charles Mount,198161015548,staging,us-east-1,EC2,vol-00985f88762d2a739,,0.06,,,,,,,,arn:aws:ec2:us-east-1:198161015548:instance/i-0478dda6d47023e11,i-0478dda6d47023e11,t3.micro,2020-11-18T02:27:40+00:00,2020,,,SavingsPlan,,t3.nano,vol-00985f88762d2a739,,1842
Charles Mount,198161015548,production,us-east-1,EC2,vol-00820a573c6962d5e,,0.5,,,,,,,,arn:aws:ec2:us-east-1:198161015548:instance/i-0cf3b307c22a8235f,i-0cf3b307c22a8235f,t3.small,2020-11-29T00:39:10+00:00,2020,,,SavingsPlan,,t3.micro,vol-00820a573c6962d5e,,1831
Charles Mount,198161015548,production,us-east-1,EC2,vol-0e3108f54675e2b82,,18.13,,,,,,,,arn:aws:ec2:us-east-1:198161015548:instance/i-0b8a939d50617cfec,i-0b8a939d50617cfec,c4.large,2020-12-16T08:37:48+00:00,2020,,,SavingsPlan,,,vol-0e3108f54675e2b82,,1813
Charles Mount,198161015548,prod-finance,us-east-1,EC2,vol-06a7d20eed2f06c38,,0.0,,,,,,,,arn:aws:ec2:us-east-1:198161015548:instance/i-0a086d7d2a4ba25a9,i-0a086d7d2a4ba25a9,t3.small,2021-03-03T18:55:43+00:00,2021,,,OnDemand,,t3.micro,vol-06a7d20eed2f06c38,,1736
Charles Mount,198161015548,ops,us-east-1,EC2,vol-0c1863a74f22edc7d,,0.16,,,,,,,,arn:aws:ec2:us-east-1:198161015548:instance/i-07cbd6be0a1c90f79,i-07cbd6be0a1c90f79,c4.xlarge,2020-07-29T21:00:42+00:00,2020,,,SavingsPlan,,,vol-0c1863a74f22edc7d,,1953
Charles Mount,198161015548,ops,us-east-1,EC2,vol-0abe524a044941b91,,0.07,,,,,,,,arn:aws:ec2:us-east-1:198161015548:instance/i-029c9d615067b36c1,i-029c9d615067b36c1,t3.large,2021-05-03T21:33:35+00:00,2021,,,SavingsPlan,,t3.medium,vol-0abe524a044941b91,,1675
Charles Mount,198161015548,ops,us-east-1,EC2,vol-09f64da8e3bf1ce9f,,0.0,,,,,,,,arn:aws:ec2:us-east-1:198161015548:instance/i-0dbb4653a8cfca4ae,i-0dbb4653a8cfca4ae,c4.xlarge,2021-06-11T20:16:23+00:00,2021,,,OnDemand,,,vol-09f64da8e3bf1ce9f,,1636
Charles Mount,198161015548,ops,us-east-1,EC2,vol-0f9d2dbae849dc695,,0.61,,,,,,,,arn:aws:ec2:us-east-1:198161015548:instance/i-0c7c653e29bd1b0c4,i-0c7c653e29bd1b0c4,c4.large,2021-07-23T18:54:41+00:00,2021,,,SavingsPlan,,,vol-0f9d2dbae849dc695,,1594
Charles Mount,198161015548,ops,us-east-1,EC2,vol-0c2c2c7938629d7fe,,68.5,,,,,,,,arn:aws:ec2:us-east-1:198161015548:instance/i-00866c38318c69753,i-00866c38318c69753,c4.xlarge,2021-08-06T19:17:38+00:00,2021,,,SavingsPlan,,,vol-0c2c2c7938629d7fe,,1580
Charles Mount,198161015548,ops,us-east-1,EC2,vol-03ae17594d49d4216,,2.55,,,,,,,,arn:aws:ec2:us-east-1:198161015548:instance/i-000051928735a1912,i-000051928735a1912,m5a.xlarge,2021-08-13T19:02:21+00:00,2021,,,SavingsPlan,,m5a.large,vol-03ae17594d49d4216,,1573
Charles Mount,198161015548,prod-finance,us-east-1,EC2,vol-0dd862bcbf4ec2549,,0.0,,,,,,,,arn:aws:ec2:us-east-1:198161015548:instance/i-0003603fb4581513a,i-0003603fb4581513a,t4g.large,2021-08-02T23:22:11+00:00,2021,,,OnDemand,,,vol-0dd862bcbf4ec2549,,1584
Charles Mount,198161015548,production,us-east-1,EC2,"vol-068df5c437cdf9c7b,vol-00aedad067ea42874",,5.0,,,,,,,,arn:aws:ec2:us-east-1:198161015548:instance/i-03969fef458cd4167,i-03969fef458cd4167,c4.2xlarge,2023-06-16T22:28:37+00:00,2023,,,SavingsPlan,,,vol-068df5c437cdf9c7b,,901
Charles Mount,198161015548,staging,us-east-1,EC2,vol-0c53908acd7ed4e23,,0.0,,,,,,,,arn:aws:ec2:us-east-1:198161015548:instance/i-060098e5e6b5ad472,i-060098e5e6b5ad472,t2.medium,2022-11-25T16:26:29+00:00,2022,,,OnDemand,,t2.small,vol-0c53908acd7ed4e23,,1104
Charles Mount,198161015548,production,us-east-1,EC2,vol-0d17791413ff802ff,,17.93,,,,,,,,arn:aws:ec2:us-east-1:198161015548:instance/i-0b794f52c9e2278b0,i-0b794f52c9e2278b0,c4.xlarge,2025-05-28T20:47:22+00:00,2025,,,SavingsPlan,,,vol-0d17791413ff802ff,,189
Charles Mount,198161015548,staging,us-east-1,EC2,vol-046e153a3c66b7e46,,0.39,,,,,,,,arn:aws:ec2:us-east-1:198161015548:instance/i-072f2909dbd9bb9dc,i-072f2909dbd9bb9dc,c4.xlarge,2022-04-13T19:47:00+00:00,2022,,,SavingsPlan,,,vol-046e153a3c66b7e46,,1330
Charles Mount,198161015548,production,us-east-1,EC2,"vol-09350a5e1189753de,vol-0a29d0328c5f5b457",,2.27,,,,,,,,arn:aws:ec2:us-east-1:198161015548:instance/i-043114ca52c5e8164,i-043114ca52c5e8164,c4.4xlarge,2022-10-18T15:13:59+00:00,2022,,,SavingsPlan,,,vol-09350a5e1189753de,,1142
Charles Mount,198161015548,production,us-east-1,EC2,vol-08aa3182591b65a18,,15.72,,,,,,,,arn:aws:ec2:us-east-1:198161015548:instance/i-0f33f800c022e418a,i-0f33f800c022e418a,c3.xlarge,2025-05-28T20:48:12+00:00,2025,,,SavingsPlan,,,vol-08aa3182591b65a18,,189
Charles Mount,198161015548,staging,us-east-1,EC2,vol-04a6455707fddf6d5,,0.0,,,,,,,,arn:aws:ec2:us-east-1:198161015548:instance/i-047dbab75f6716d09,i-047dbab75f6716d09,t2.medium,2022-11-25T16:19:35+00:00,2022,,,OnDemand,,t2.small,vol-04a6455707fddf6d5,,1104
Charles Mount,198161015548,prod-finance,us-east-1,EC2,vol-02881fbcf30241db1,,0.0,,,,,,,,arn:aws:ec2:us-east-1:198161015548:instance/i-0490009a252a79db0,i-0490009a252a79db0,t3a.medium,2024-04-29T15:22:43+00:00,2024,,,OnDemand,,t3a.small,vol-02881fbcf30241db1,,583
Charles Mount,198161015548,prod-finance,us-east-1,EC2,"vol-0020d0cd8a81b98b7,vol-064bd9f39148de0f6",,3.96,,,,,,,,arn:aws:ec2:us-east-1:198161015548:instance/i-01008e20280904c67,i-01008e20280904c67,r5a.large,2024-05-06T20:18:24+00:00,2024,,,SavingsPlan,,,vol-0020d0cd8a81b98b7,,576
Charles Mount,198161015548,prod-finance,us-east-1,EC2,"vol-03fb82f27882d5be3,vol-0e381b8867cfb5ed8",,4.09,,,,,,,,arn:aws:ec2:us-east-1:198161015548:instance/i-0bafd0f85880cfc37,i-0bafd0f85880cfc37,t3.medium,2023-10-23T21:19:24+00:00,2023,,,SavingsPlan,,t3.small,vol-03fb82f27882d5be3,,772
Charles Mount,198161015548,prod-finance,us-east-1,EC2,"vol-03d800afea33a9caf,vol-08e78e57b101edb81",,6.99,,,,,,,,arn:aws:ec2:us-east-1:198161015548:instance/i-0c1358c5d58d9527a,i-0c1358c5d58d9527a,t2.medium,2023-10-31T17:32:35+00:00,2023,,,SavingsPlan,,t2.small,vol-03d800afea33a9caf,,764
Charles Mount,198161015548,prod-finance,us-east-1,EC2,vol-0f938ccf35dd79c13,,0.67,,,,,,,,arn:aws:ec2:us-east-1:198161015548:instance/i-020fc76b27bc2729e,i-020fc76b27bc2729e,t3.medium,2024-02-02T18:01:13+00:00,2024,,,SavingsPlan,,t3.small,vol-0f938ccf35dd79c13,,670
Charles Mount,198161015548,prod-finance,us-east-1,EC2,vol-0b4cceea9a3ef8d7b,,1.25,,,,,,,,arn:aws:ec2:us-east-1:198161015548:instance/i-00053af887e6eb4d6,i-00053af887e6eb4d6,t2.micro,2024-02-08T09:24:46+00:00,2024,,,SavingsPlan,,t2.nano,vol-0b4cceea9a3ef8d7b,,664
Charles Mount,198161015548,prod-finance,us-east-1,EC2,vol-0d3c148f3dc6b3e6e,,0.0,,,,,,,,arn:aws:ec2:us-east-1:198161015548:instance/i-09305503247b3b2eb,i-09305503247b3b2eb,t3.medium,2024-02-27T23:12:18+00:00,2024,,,OnDemand,,t3.small,vol-0d3c148f3dc6b3e6e,,645
Charles Mount,198161015548,prod-finance,us-east-1,EC2,vol-012143f44a124ea7b,,0.0,,,,,,,,arn:aws:ec2:us-east-1:198161015548:instance/i-0e67a8be33d600e3c,i-0e67a8be33d600e3c,m7i-flex.xlarge,2024-02-29T15:03:07+00:00,2024,,,OnDemand,,,vol-012143f44a124ea7b,,643
Charles Mount,198161015548,staging,us-east-1,EC2,vol-099c77de730069a0d,,0.0,,,,,,,,arn:aws:ec2:us-east-1:198161015548:instance/i-0cf6e6a70c40a6a21,i-0cf6e6a70c40a6a21,m3.medium,2024-05-13T21:57:59+00:00,2024,,,OnDemand,,,vol-099c77de730069a0d,,569
Charles Mount,198161015548,staging,us-east-1,EC2,vol-0bc403f5d6cd362c0,,3.57,,,,,,,,arn:aws:ec2:us-east-1:198161015548:instance/i-09abb9e2cfa017272,i-09abb9e2cfa017272,t2.medium,2024-11-05T18:58:10+00:00,2024,,,SavingsPlan,,t2.small,vol-0bc403f5d6cd362c0,,393
Charles Mount,198161015548,staging,us-east-1,EC2,vol-0e261936cf812ce54,,2.85,,,,,,,,arn:aws:ec2:us-east-1:198161015548:instance/i-00823396f38206fdb,i-00823396f38206fdb,t2.medium,2025-10-31T18:01:53+00:00,2025,,,SavingsPlan,,t2.small,vol-0e261936cf812ce54,,33
Charles Mount,198161015548,prod-finance,us-east-1,RDS,,1,,arn:aws:rds:us-east-1:198161015548:db:doppio-prod,db.r7g.2xlarge,doppio-prod,available,aurora-mysql,8.0.mysql_aurora.3.08.2,0.0,,,,,,False,7.76,,,,,aurora,
Charles Mount,198161015548,prod-finance,us-east-1,RDS,,1,,arn:aws:rds:us-east-1:198161015548:db:doppio-prod-us-east-1d,db.r7g.2xlarge,doppio-prod-us-east-1d,available,aurora-mysql,8.0.mysql_aurora.3.08.2,0.0,,,,,,False,2.15,,,,,aurora,
Charles Mount,198161015548,prod-finance,us-east-1,RDS,,6443,,arn:aws:rds:us-east-1:198161015548:db:prod-replica-57b,db.m5.xlarge,prod-replica-57b,available,mysql,5.7.44-rds.20240408,2338.44,,,,,,False,3.61,,db.m5.large,,,gp3,
Charles Mount,198161015548,prod-finance,us-east-1,RDS,,6443,,arn:aws:rds:us-east-1:198161015548:db:prod-replica-8,db.m7g.xlarge,prod-replica-8,available,mysql,8.0.35,2351.35,,,,,,False,3.87,,,,,gp3,
Charles Mount,198161015548,prod-finance,us-east-1,RDS,,600,,arn:aws:rds:us-east-1:198161015548:db:production-db-macchiato,db.m5.xlarge,production-db-macchiato,available,mysql,5.7.44,179.66,,,,,,True,1.19,,db.m5.xlarge,,,gp2,
Charles Mount,198161015548,prod-finance,us-east-1,RDS,,100,,arn:aws:rds:us-east-1:198161015548:db:production-db-mfa-5-7,db.m5.large,production-db-mfa-5-7,available,mysql,5.7.44,95.57,,,,,,True,2.44,,db.m5.large,,,gp3,
Charles Mount,198161015548,prod-finance,us-east-1,RDS,,1,,arn:aws:rds:us-east-1:198161015548:db:staging-cluster,db.t4g.large,staging-cluster,available,aurora-mysql,8.0.mysql_aurora.3.08.2,0.0,,,,,,False,11.04,,db.t4g.large,,,aurora,
Charles Mount,198161015548,prod-finance,us-east-1,RDS,,1,,arn:aws:rds:us-east-1:198161015548:db:staging-cluster-us-east-1d,db.t4g.large,staging-cluster-us-east-1d,available,aurora-mysql,8.0.mysql_aurora.3.08.2,0.0,,,,,,False,11.73,,db.t4g.large,,,aurora,
Charles Mount,198161015548,prod-finance,us-east-1,RDS,,25,,arn:aws:rds:us-east-1:198161015548:db:staging-db-macchiato,db.t3.small,staging-db-macchiato,available,mysql,5.7.44,21.98,,,,,,False,2.74,,db.t3.micro,,,gp3,
Charles Mount,198161015548,prod-finance,us-east-1,RDS,,25,,arn:aws:rds:us-east-1:198161015548:db:staging-db-mfa,db.t3.micro,staging-db-mfa,available,mysql,8.0.42,22.0,,,,,,True,3.87,,db.t3.micro,,,gp3,
Charles Mount,198161015548,prod-finance,us-east-1,RDS,,20,,arn:aws:rds:us-east-1:198161015548:db:staging-replica-57,db.t3.medium,staging-replica-57,available,mysql,5.7.44,18.44,,,,,,False,10.23,,db.t3.small,,,gp3,
Charles Mount,198161015548,prod-finance,us-east-1,RDS,,20,,arn:aws:rds:us-east-1:198161015548:db:staging-replica-8,db.t3.medium,staging-replica-8,available,mysql,8.0.35,16.91,,,,,,False,4.51,,db.t3.small,,,gp3,
Charles Mount,198161015548,prod-finance,us-east-2,EC2,"vol-06d06f94a5b281721,vol-083289eb2ba52fc5e",,0.0,,,,,,,,arn:aws:ec2:us-east-2:198161015548:instance/i-09c5f37643e036865,i-09c5f37643e036865,t2.large,2023-05-23T19:36:29+00:00,2023,,,OnDemand,,t2.medium,vol-06d06f94a5b281721,,925
Charles Mount,198161015548,prod-finance,us-east-2,EC2,"vol-03fa22ed1cc2115ce,vol-073530f7a7dd4f714",,0.0,,,,,,,,arn:aws:ec2:us-east-2:198161015548:instance/i-05e80ed206905b62f,i-05e80ed206905b62f,t2.large,2023-01-17T23:34:18+00:00,2023,,,OnDemand,,t2.medium,vol-03fa22ed1cc2115ce,,1051
Charles Mount,198161015548,prod-finance,us-east-2,EC2,vol-053e9798f012ccb98,,0.0,,,,,,,,arn:aws:ec2:us-east-2:198161015548:instance/i-0a4890503b8ec083b,i-0a4890503b8ec083b,t2.micro,2023-09-14T22:00:41+00:00,2023,,,OnDemand,,t2.nano,vol-053e9798f012ccb98,,811
Charles Mount,198161015548,prod-finance,us-east-2,EC2,"vol-0620dee75aed951db,vol-0d563e0800d536633",,0.0,,,,,,,,arn:aws:ec2:us-east-2:198161015548:instance/i-02904074725f14fa6,i-02904074725f14fa6,t3.medium,2023-10-20T18:35:24+00:00,2023,,,OnDemand,,t3.small,vol-0620dee75aed951db,,775
Charles Mount,198161015548,prod-finance,us-east-2,RDS,,1,,arn:aws:rds:us-east-2:198161015548:db:stagingdev-doppio-1-one,db.t4g.medium,stagingdev-doppio-1-one,available,aurora-mysql,8.0.mysql_aurora.3.08.2,0.0,,,,,,False,9.1,,db.t4g.medium,,,aurora,
Charles Mount,198161015548,prod-finance,us-east-2,RDS,,1,,arn:aws:rds:us-east-2:198161015548:db:stagingdev-doppio-1-two,db.t4g.medium,stagingdev-doppio-1-two,available,aurora-mysql,8.0.mysql_aurora.3.08.2,0.0,,,,,,False,9.99,,db.t4g.medium,,,aurora,
Charles Mount,198161015548,prod-finance,us-west-1,EC2,"vol-02ee27a3c47655edf,vol-0969857cac4a6d1fd",,0.32,,,,,,,,arn:aws:ec2:us-west-1:198161015548:instance/i-015d864871acc6280,i-015d864871acc6280,m3.large,2022-10-18T18:48:42+00:00,2022,,,SavingsPlan,,,vol-02ee27a3c47655edf,,1142
Charles Mount,198161015548,prod-finance,us-west-1,EC2,"vol-06086e69a36c34d33,vol-021a3dbde78804acf",,0.0,,,,,,,,arn:aws:ec2:us-west-1:198161015548:instance/i-0cd3b6aaf9dadb07d,i-0cd3b6aaf9dadb07d,m3.large,2022-10-18T18:46:07+00:00,2022,,,OnDemand,,,vol-06086e69a36c34d33,,1142
Charles Mount,198161015548,prod-finance,us-west-2,EC2,vol-0de77b178635ea05c,,0.47,,,,,,,,arn:aws:ec2:us-west-2:198161015548:instance/i-09ccc6ac0b3f0339a,i-09ccc6ac0b3f0339a,t2.medium,2022-04-07T18:28:20+00:00,2022,,,SavingsPlan,,t2.small,vol-0de77b178635ea05c,,1336
Charles Mount,198161015548,prod-finance,us-west-2,RDS,,1,,arn:aws:rds:us-west-2:198161015548:db:staging-database-test,db.t4g.large,staging-database-test,available,aurora-mysql,8.0.mysql_aurora.3.08.2,0.0,,,,,,False,9.78,,db.t4g.large,,,aurora,
Charles Mount,198161015548,prod-finance,us-west-2,RDS,,1,,arn:aws:rds:us-west-2:198161015548:db:staging-database-test-us-west2b,db.t4g.large,staging-database-test-us-west2b,available,aurora-mysql,8.0.mysql_aurora.3.08.2,0.0,,,,,,False,9.39,,db.t4g.large,,,aurora,
