AccountName,AccountId,Environment,Region,VolumeId,VolumeType,SizeGiB,Encrypted,Iops,Throughput,State,IsUnattached,AttachedInstanceId,AttachedInstanceType,AttachedInstanceArn,AttachedInstanceLaunchTime,IsRootVolume
Charles Mount,198161015548,prod-finance,us-east-1,vol-72f16337,gp3,100,False,3000,125,in-use,False,i-a12f2a8b,m3.xlarge,arn:aws:ec2:us-east-1:198161015548:instance/i-a12f2a8b,2023-09-21T19:46:34+00:00,True
Charles Mount,198161015548,ops,us-east-1,vol-e8c4b804,gp3,100,False,3000,125,in-use,False,i-be4f7601,c4.xlarge,arn:aws:ec2:us-east-1:198161015548:instance/i-be4f7601,2021-08-02T16:44:29+00:00,True
Charles Mount,198161015548,Ops,us-east-1,vol-0abe524a044941b91,gp3,20,True,3000,125,in-use,False,i-029c9d615067b36c1,t3.large,arn:aws:ec2:us-east-1:198161015548:instance/i-029c9d615067b36c1,2021-05-03T21:33:35+00:00,True
Charles Mount,198161015548,prod-finance,us-east-1,vol-76193bde,gp3,50,False,3000,125,in-use,False,i-15c46892,t3.medium,arn:aws:ec2:us-east-1:198161015548:instance/i-15c46892,2023-02-01T02:49:18+00:00,True
Charles Mount,198161015548,prod-finance,us-east-1,vol-0d3c148f3dc6b3e6e,gp3,30,False,3000,125,in-use,False,i-09305503247b3b2eb,t3.medium,arn:aws:ec2:us-east-1:198161015548:instance/i-09305503247b3b2eb,2024-02-27T23:12:18+00:00,True
Charles Mount,198161015548,prod-finance,us-east-1,vol-eb9db643,gp3,50,False,3000,125,in-use,False,i-89f05a0e,m3.medium,arn:aws:ec2:us-east-1:198161015548:instance/i-89f05a0e,2023-09-05T17:58:50+00:00,True
Charles Mount,198161015548,prod-finance,us-east-1,vol-e5f7450a,gp3,100,False,3000,125,in-use,False,i-0f755cb1,c3.xlarge,arn:aws:ec2:us-east-1:198161015548:instance/i-0f755cb1,2015-12-01T20:27:30+00:00,True
Charles Mount,198161015548,prod-finance,us-east-1,vol-06c6783e16745168e,gp2,30,False,100,,available,True,,,,,False
Charles Mount,198161015548,prod-finance,us-east-1,vol-00db2aa47a7d9c778,gp3,100,False,3000,125,available,True,,,,,False
Charles Mount,198161015548,prod-finance,us-east-1,vol-0020d0cd8a81b98b7,gp3,30,False,3000,125,in-use,False,i-01008e20280904c67,r5a.large,arn:aws:ec2:us-east-1:198161015548:instance/i-01008e20280904c67,2024-05-06T20:18:24+00:00,True
Charles Mount,198161015548,prod-finance,us-east-1,vol-0f938ccf35dd79c13,gp3,30,False,3000,125,in-use,False,i-020fc76b27bc2729e,t3.medium,arn:aws:ec2:us-east-1:198161015548:instance/i-020fc76b27bc2729e,2024-02-02T18:01:13+00:00,True
Charles Mount,198161015548,prod-finance,us-east-1,vol-045a147e5cefdba2c,gp3,8,False,3000,125,in-use,False,i-0159503f72c77e1e5,c4.large,arn:aws:ec2:us-east-1:198161015548:instance/i-0159503f72c77e1e5,2017-09-20T19:28:19+00:00,True
Charles Mount,198161015548,prod-finance,us-east-1,vol-099c77de730069a0d,gp3,50,False,3000,125,in-use,False,i-0cf6e6a70c40a6a21,m3.medium,arn:aws:ec2:us-east-1:198161015548:instance/i-0cf6e6a70c40a6a21,2024-05-13T21:57:59+00:00,True
Charles Mount,198161015548,prod-finance,us-east-1,vol-09987f51f2e743473,gp3,60,False,3000,125,available,True,,,,,False
Charles Mount,198161015548,prod-finance,us-east-1,vol-012143f44a124ea7b,gp3,60,False,3000,125,in-use,False,i-0e67a8be33d600e3c,m7i-flex.xlarge,arn:aws:ec2:us-east-1:198161015548:instance/i-0e67a8be33d600e3c,2024-02-29T15:03:07+00:00,True
Charles Mount,198161015548,prod-finance,us-east-1,vol-ea1dbcae,gp3,8,False,3000,125,in-use,False,i-5b08ffb7,t2.micro,arn:aws:ec2:us-east-1:198161015548:instance/i-5b08ffb7,2017-05-26T16:52:42+00:00,True
Charles Mount,198161015548,prod-finance,us-east-1,vol-09350a5e1189753de,gp3,100,False,3000,125,in-use,False,i-043114ca52c5e8164,c4.4xlarge,arn:aws:ec2:us-east-1:198161015548:instance/i-043114ca52c5e8164,2022-10-18T15:13:59+00:00,True
Charles Mount,198161015548,prod-finance,us-east-1,vol-0d17791413ff802ff,gp3,200,False,3000,150,in-use,False,i-0b794f52c9e2278b0,c4.xlarge,arn:aws:ec2:us-east-1:198161015548:instance/i-0b794f52c9e2278b0,2025-05-28T20:47:22+00:00,True
Charles Mount,198161015548,prod-finance,us-east-1,vol-b7c4c759,gp3,20,False,3000,125,in-use,False,i-0d6e0ade,m4.2xlarge,arn:aws:ec2:us-east-1:198161015548:instance/i-0d6e0ade,2022-03-11T22:36:35+00:00,True
Charles Mount,198161015548,prod-finance,us-east-1,vol-129db6ba,gp3,50,False,3000,125,in-use,False,i-8af05a0d,m3.medium,arn:aws:ec2:us-east-1:198161015548:instance/i-8af05a0d,2016-04-20T18:29:10+00:00,True
Charles Mount,198161015548,prod-finance,us-east-1,vol-2cffc863,gp3,20,False,3000,125,in-use,False,i-4d83e062,m3.medium,arn:aws:ec2:us-east-1:198161015548:instance/i-4d83e062,2025-09-12T20:41:48+00:00,True
Charles Mount,198161015548,prod-finance,us-east-1,vol-8e259a96,gp3,100,False,3000,125,in-use,False,i-9ab42e7b,m3.xlarge,arn:aws:ec2:us-east-1:198161015548:instance/i-9ab42e7b,2023-04-03T15:33:05+00:00,True
Charles Mount,198161015548,prod-finance,us-east-1,vol-9e5c2570,gp3,20,False,3000,125,in-use,False,i-19859fc9,m3.medium,arn:aws:ec2:us-east-1:198161015548:instance/i-19859fc9,2025-12-02T18:21:40+00:00,True
Charles Mount,198161015548,prod-finance,us-east-1,vol-0f9d2dbae849dc695,gp3,100,True,3000,125,in-use,False,i-0c7c653e29bd1b0c4,c4.large,arn:aws:ec2:us-east-1:198161015548:instance/i-0c7c653e29bd1b0c4,2021-07-23T18:54:41+00:00,True
Charles Mount,198161015548,prod-finance,us-east-1,vol-a3cf0343,gp3,20,False,3000,125,in-use,False,i-a915407c,t2.medium,arn:aws:ec2:us-east-1:198161015548:instance/i-a915407c,2017-08-10T18:10:57+00:00,True
Charles Mount,198161015548,prod-finance,us-east-1,vol-5971d4b9,gp3,20,False,3000,125,in-use,False,i-efc4fb3a,t2.micro,arn:aws:ec2:us-east-1:198161015548:instance/i-efc4fb3a,2017-05-26T16:47:46+00:00,True
Charles Mount,198161015548,prod-finance,us-east-1,vol-077746cc2c9ce90ab,sc1,2048,False,,,available,True,,,,,False
Charles Mount,198161015548,prod-finance,us-east-1,vol-01746af0bc322a349,gp3,3000,True,9000,250,in-use,False,i-be4f7601,c4.xlarge,arn:aws:ec2:us-east-1:198161015548:instance/i-be4f7601,2021-08-02T16:44:29+00:00,False
Charles Mount,198161015548,prod-finance,us-east-1,vol-0ebd5c9264f39f857,gp2,30,False,100,,available,True,,,,,False
Charles Mount,198161015548,prod-finance,us-east-1,vol-721b1ebb,gp3,100,False,3000,125,in-use,False,i-27e568ce,c4.large,arn:aws:ec2:us-east-1:198161015548:instance/i-27e568ce,2023-04-19T06:19:49+00:00,True
Charles Mount,198161015548,prod-finance,us-east-1,vol-ed0e98a8,gp3,10,False,3000,125,in-use,False,i-a409368e,c3.xlarge,arn:aws:ec2:us-east-1:198161015548:instance/i-a409368e,2021-06-04T23:51:24+00:00,False
Charles Mount,198161015548,prod-finance,us-east-1,vol-0d0629a60b9c638ca,gp3,30,False,3000,125,available,True,,,,,False
Charles Mount,198161015548,production,us-east-1,vol-00820a573c6962d5e,gp3,10,True,3000,125,in-use,False,i-0cf3b307c22a8235f,t3.small,arn:aws:ec2:us-east-1:198161015548:instance/i-0cf3b307c22a8235f,2020-11-29T00:39:10+00:00,True
Charles Mount,198161015548,prod-finance,us-east-1,vol-00a75f56cad3430d4,gp2,30,False,100,,available,True,,,,,False
Charles Mount,198161015548,prod-finance,us-east-1,vol-07d253eb1ff29fc21,gp3,100,False,3000,125,in-use,False,i-0e002527a16392fa1,m3.medium,arn:aws:ec2:us-east-1:198161015548:instance/i-0e002527a16392fa1,2017-01-18T19:46:52+00:00,True
Charles Mount,198161015548,prod-finance,us-east-1,vol-96259a8e,gp3,1000,False,3000,250,in-use,False,i-9ab42e7b,m3.xlarge,arn:aws:ec2:us-east-1:198161015548:instance/i-9ab42e7b,2023-04-03T15:33:05+00:00,False
Charles Mount,198161015548,Ops,us-east-1,vol-0926790e2e6b79073,gp3,20,True,3000,125,available,True,,,,,False
Charles Mount,198161015548,prod-finance,us-east-1,vol-0c417555ae0e79846,gp3,2000,False,6000,250,in-use,False,i-037dd9ecaff681075,m4.xlarge,arn:aws:ec2:us-east-1:198161015548:instance/i-037dd9ecaff681075,2017-05-22T18:37:58+00:00,True
Charles Mount,198161015548,prod-finance,us-east-1,vol-c7852427,gp3,20,False,3000,125,in-use,False,i-8bc9cd5e,c4.large,arn:aws:ec2:us-east-1:198161015548:instance/i-8bc9cd5e,2018-04-11T02:20:30+00:00,True
Charles Mount,198161015548,prod-finance,us-east-1,vol-06b1b51de0a896a05,gp3,6144,False,3000,125,in-use,False,i-19859fc9,m3.medium,arn:aws:ec2:us-east-1:198161015548:instance/i-19859fc9,2025-12-02T18:21:40+00:00,False
Charles Mount,198161015548,prod-finance,us-east-1,vol-a1bd7969,gp3,100,False,3000,125,in-use,False,i-a9752240,m3.xlarge,arn:aws:ec2:us-east-1:198161015548:instance/i-a9752240,2023-09-14T22:04:17+00:00,True
Charles Mount,198161015548,prod-finance,us-east-1,vol-87f5ffcf,gp3,20,False,3000,125,in-use,False,i-85cebc6f,m3.medium,arn:aws:ec2:us-east-1:198161015548:instance/i-85cebc6f,2025-02-06T19:34:30+00:00,True
Charles Mount,198161015548,prod-finance,us-east-1,vol-0c1162e41668f64ae,sc1,6144,False,,,available,True,,,,,False
Charles Mount,198161015548,prod-finance,us-east-1,vol-6ef1632b,gp3,1000,False,3000,250,in-use,False,i-a12f2a8b,m3.xlarge,arn:aws:ec2:us-east-1:198161015548:instance/i-a12f2a8b,2023-09-21T19:46:34+00:00,False
Charles Mount,198161015548,prod-finance,us-east-1,vol-5bc10593,gp3,2000,False,6000,250,in-use,False,i-a9752240,m3.xlarge,arn:aws:ec2:us-east-1:198161015548:instance/i-a9752240,2023-09-14T22:04:17+00:00,False
Charles Mount,198161015548,prod-finance,us-east-1,vol-07cc36afc4bb8ee9f,sc1,3072,False,,,available,True,,,,,False
Charles Mount,198161015548,prod-finance,us-east-1,vol-0e261936cf812ce54,gp3,100,False,3000,125,in-use,False,i-00823396f38206fdb,t2.medium,arn:aws:ec2:us-east-1:198161015548:instance/i-00823396f38206fdb,2025-10-31T18:01:53+00:00,True
Charles Mount,198161015548,prod-finance,us-east-1,vol-05bfe000b0fd41867,gp3,20,False,3000,125,in-use,False,i-05bc73a0c7e562ce0,m3.medium,arn:aws:ec2:us-east-1:198161015548:instance/i-05bc73a0c7e562ce0,2023-01-18T17:17:55+00:00,True
Charles Mount,198161015548,prod-finance,us-east-1,vol-07b64f7e44e35dcb5,sc1,3072,False,,,available,True,,,,,False
Charles Mount,198161015548,prod-finance,us-east-1,vol-02d2292b7df94944a,gp3,100,False,3000,125,available,True,,,,,False
Charles Mount,198161015548,prod-finance,us-east-1,vol-086c01ca4acd41b0c,sc1,3072,False,,,available,True,,,,,False
Charles Mount,198161015548,prod-finance,us-east-1,vol-08a6e6ab158fa3ef6,gp3,30,False,3000,125,available,True,,,,,False
Charles Mount,198161015548,prod-finance,us-east-1,vol-0c06bf786015791ce,gp3,100,False,3000,125,in-use,False,i-059b953a2e312a39c,c4.4xlarge,arn:aws:ec2:us-east-1:198161015548:instance/i-059b953a2e312a39c,2022-09-29T18:40:52+00:00,True
Charles Mount,198161015548,prod-finance,us-east-1,vol-06caf610234f2415d,gp3,8,False,3000,125,in-use,False,i-0eb8bbfffdd2f3ec7,c4.large,arn:aws:ec2:us-east-1:198161015548:instance/i-0eb8bbfffdd2f3ec7,2017-09-21T17:44:01+00:00,True
Charles Mount,198161015548,prod-finance,us-east-1,vol-04a6455707fddf6d5,gp3,100,False,3000,125,in-use,False,i-047dbab75f6716d09,t2.medium,arn:aws:ec2:us-east-1:198161015548:instance/i-047dbab75f6716d09,2022-11-25T16:19:35+00:00,True
Charles Mount,198161015548,prod-finance,us-east-1,vol-dc81fcaa,gp3,100,False,3000,125,in-use,False,i-52cfda7c,c3.xlarge,arn:aws:ec2:us-east-1:198161015548:instance/i-52cfda7c,2021-10-14T20:18:26+00:00,True
Charles Mount,198161015548,prod-finance,us-east-1,vol-b7cd3257,gp3,100,False,3000,125,in-use,False,i-42700397,m4.large,arn:aws:ec2:us-east-1:198161015548:instance/i-42700397,2022-04-20T19:00:31+00:00,True
Charles Mount,198161015548,prod-finance,us-east-1,vol-be39dc11,gp3,2048,False,6144,250,in-use,False,i-2c7f76f9,c4.4xlarge,arn:aws:ec2:us-east-1:198161015548:instance/i-2c7f76f9,2022-09-29T18:57:04+00:00,False
Charles Mount,198161015548,prod-finance,us-east-1,vol-02b8d11a200f79d63,sc1,3072,False,,,available,True,,,,,False
Charles Mount,198161015548,prod-finance,us-east-1,vol-0a322923ffcb5c406,gp3,100,True,3000,125,available,True,,,,,False
Charles Mount,198161015548,prod-finance,us-east-1,vol-5e0d86be,gp3,50,False,3000,125,in-use,False,i-fafc372e,c4.2xlarge,arn:aws:ec2:us-east-1:198161015548:instance/i-fafc372e,2020-09-09T01:42:38+00:00,True
Charles Mount,198161015548,prod-finance,us-east-1,vol-07c2607c9c9b0cb6c,sc1,3072,False,,,available,True,,,,,False
Charles Mount,198161015548,prod-finance,us-east-1,vol-0f204bdda5b774af1,sc1,3072,False,,,available,True,,,,,False
Charles Mount,198161015548,prod-finance,us-east-1,vol-046e153a3c66b7e46,gp3,100,False,3000,125,in-use,False,i-072f2909dbd9bb9dc,c4.xlarge,arn:aws:ec2:us-east-1:198161015548:instance/i-072f2909dbd9bb9dc,2022-04-13T19:47:00+00:00,True
Charles Mount,198161015548,prod-finance,us-east-1,vol-0b4cceea9a3ef8d7b,gp3,30,False,3000,125,in-use,False,i-00053af887e6eb4d6,t2.micro,arn:aws:ec2:us-east-1:198161015548:instance/i-00053af887e6eb4d6,2024-02-08T09:24:46+00:00,True
Charles Mount,198161015548,prod-finance,us-east-1,vol-8a0e98cf,gp3,100,False,3000,125,in-use,False,i-a409368e,c3.xlarge,arn:aws:ec2:us-east-1:198161015548:instance/i-a409368e,2021-06-04T23:51:24+00:00,True
Charles Mount,198161015548,prod-finance,us-east-1,vol-81697f61,gp3,100,False,3000,125,in-use,False,i-385dafef,c4.large,arn:aws:ec2:us-east-1:198161015548:instance/i-385dafef,2024-07-17T02:05:39+00:00,True
Charles Mount,198161015548,prod-finance,us-east-1,vol-9c5c2572,gp3,100,False,3000,125,in-use,False,i-9e859f4e,t2.micro,arn:aws:ec2:us-east-1:198161015548:instance/i-9e859f4e,2017-05-30T16:54:37+00:00,True
Charles Mount,198161015548,prod-finance,us-east-1,vol-59afc1b9,gp3,1000,False,3000,250,in-use,False,i-88be045c,c4.2xlarge,arn:aws:ec2:us-east-1:198161015548:instance/i-88be045c,2023-12-21T23:07:18+00:00,True
Charles Mount,198161015548,prod-finance,us-east-1,vol-8ee1335e,gp3,100,False,3000,125,in-use,False,i-4c667ad1,c3.large,arn:aws:ec2:us-east-1:198161015548:instance/i-4c667ad1,2024-03-04T18:35:29+00:00,True
Charles Mount,198161015548,prod-finance,us-east-1,vol-022e55231d428c4cf,sc1,4096,False,,,available,True,,,,,False
Charles Mount,198161015548,prod-finance,us-east-1,vol-0c1863a74f22edc7d,gp3,50,True,3000,125,in-use,False,i-07cbd6be0a1c90f79,c4.xlarge,arn:aws:ec2:us-east-1:198161015548:instance/i-07cbd6be0a1c90f79,2020-07-29T21:00:42+00:00,True
Charles Mount,198161015548,prod-finance,us-east-1,vol-00aedad067ea42874,gp3,2048,False,3000,125,in-use,False,i-03969fef458cd4167,c4.2xlarge,arn:aws:ec2:us-east-1:198161015548:instance/i-03969fef458cd4167,2023-06-16T22:28:37+00:00,False
Charles Mount,198161015548,prod-finance,us-east-1,vol-09f64da8e3bf1ce9f,gp3,100,True,3000,125,in-use,False,i-0dbb4653a8cfca4ae,c4.xlarge,arn:aws:ec2:us-east-1:198161015548:instance/i-0dbb4653a8cfca4ae,2021-06-11T20:16:23+00:00,True
Charles Mount,198161015548,prod-finance,us-east-1,vol-08aa3182591b65a18,gp3,200,False,3000,150,in-use,False,i-0f33f800c022e418a,c3.xlarge,arn:aws:ec2:us-east-1:198161015548:instance/i-0f33f800c022e418a,2025-05-28T20:48:12+00:00,True
Charles Mount,198161015548,prod-finance,us-east-1,vol-918ef94d,gp3,1000,False,3000,250,in-use,False,i-0f755cb1,c3.xlarge,arn:aws:ec2:us-east-1:198161015548:instance/i-0f755cb1,2015-12-01T20:27:30+00:00,False
Charles Mount,198161015548,prod-finance,us-east-1,vol-5652fdb6,gp3,100,False,3000,125,in-use,False,i-2c7f76f9,c4.4xlarge,arn:aws:ec2:us-east-1:198161015548:instance/i-2c7f76f9,2022-09-29T18:57:04+00:00,True
Charles Mount,198161015548,prod-finance,us-east-1,vol-0c70448b73f2d8dca,sc1,3072,False,,,available,True,,,,,False
Charles Mount,198161015548,prod-finance,us-east-1,vol-72e4d2bb,gp3,20,False,3000,125,in-use,False,i-d75fe03e,m4.2xlarge,arn:aws:ec2:us-east-1:198161015548:instance/i-d75fe03e,2017-08-10T04:05:04+00:00,True
Charles Mount,198161015548,prod-finance,us-east-1,vol-068df5c437cdf9c7b,gp3,100,False,3000,125,in-use,False,i-03969fef458cd4167,c4.2xlarge,arn:aws:ec2:us-east-1:198161015548:instance/i-03969fef458cd4167,2023-06-16T22:28:37+00:00,True
Charles Mount,198161015548,prod-finance,us-east-1,vol-0680d6a6b76debdde,gp3,100,False,3000,125,available,True,,,,,False
Charles Mount,198161015548,prod-finance,us-east-1,vol-440f9901,gp3,300,False,3000,125,in-use,False,i-a409368e,c3.xlarge,arn:aws:ec2:us-east-1:198161015548:instance/i-a409368e,2021-06-04T23:51:24+00:00,False
Charles Mount,198161015548,prod-finance,us-east-1,vol-3fc694a3,gp3,2048,False,6144,250,in-use,False,i-88be045c,c4.2xlarge,arn:aws:ec2:us-east-1:198161015548:instance/i-88be045c,2023-12-21T23:07:18+00:00,False
Charles Mount,198161015548,prod-finance,us-east-1,vol-06a7d20eed2f06c38,gp3,8,False,3000,125,in-use,False,i-0a086d7d2a4ba25a9,t3.small,arn:aws:ec2:us-east-1:198161015548:instance/i-0a086d7d2a4ba25a9,2021-03-03T18:55:43+00:00,True
Charles Mount,198161015548,prod-finance,us-east-1,vol-09f5796cb7377c942,gp3,6144,False,9216,250,in-use,False,i-0d6e0ade,m4.2xlarge,arn:aws:ec2:us-east-1:198161015548:instance/i-0d6e0ade,2022-03-11T22:36:35+00:00,False
Charles Mount,198161015548,prod-finance,us-east-1,vol-059b6d9e0dbc3b20e,gp3,6144,False,12288,250,in-use,False,i-d07743c7,m3.medium,arn:aws:ec2:us-east-1:198161015548:instance/i-d07743c7,2021-04-04T21:31:40+00:00,False
Charles Mount,198161015548,prod-finance,us-east-1,vol-048499970c2a1c346,gp3,2048,False,6144,250,in-use,False,i-01400e7184ad7c200,c4.4xlarge,arn:aws:ec2:us-east-1:198161015548:instance/i-01400e7184ad7c200,2022-09-29T18:29:09+00:00,False
Charles Mount,198161015548,prod-finance,us-east-1,vol-0dd862bcbf4ec2549,gp3,25,False,3000,125,in-use,False,i-0003603fb4581513a,t4g.large,arn:aws:ec2:us-east-1:198161015548:instance/i-0003603fb4581513a,2021-08-02T23:22:11+00:00,True
Charles Mount,198161015548,prod-finance,us-east-1,vol-7eb4b9f0,gp3,6144,False,9216,250,in-use,False,i-d75fe03e,m4.2xlarge,arn:aws:ec2:us-east-1:198161015548:instance/i-d75fe03e,2017-08-10T04:05:04+00:00,False
Charles Mount,198161015548,prod-finance,us-east-1,vol-0e3108f54675e2b82,gp3,100,True,3000,125,in-use,False,i-0b8a939d50617cfec,c4.large,arn:aws:ec2:us-east-1:198161015548:instance/i-0b8a939d50617cfec,2020-12-16T08:37:48+00:00,True
Charles Mount,198161015548,prod-finance,us-east-1,vol-023fb44586cb1f20f,gp3,50,False,3000,125,available,True,,,,,False
Charles Mount,198161015548,prod-finance,us-east-1,vol-3b1aeef3,gp3,3000,False,9000,250,in-use,False,i-9da1e574,m4.xlarge,arn:aws:ec2:us-east-1:198161015548:instance/i-9da1e574,2018-04-11T02:30:49+00:00,True
Charles Mount,198161015548,prod-finance,us-east-1,vol-0baf647b19bccf1af,gp3,6144,False,3000,125,in-use,False,i-5141feb8,m4.large,arn:aws:ec2:us-east-1:198161015548:instance/i-5141feb8,2023-09-13T22:03:57+00:00,False
Charles Mount,198161015548,prod-finance,us-east-1,vol-049359d24a8f2ed9e,gp3,30,False,3000,125,available,True,,,,,False
Charles Mount,198161015548,prod-finance,us-east-1,vol-0bc9844e7c34bb5f0,gp3,100,False,3000,125,available,True,,,,,False
Charles Mount,198161015548,prod-finance,us-east-1,vol-0554febacc86f807a,gp2,30,False,100,,available,True,,,,,False
Charles Mount,198161015548,prod-finance,us-east-1,vol-03fb82f27882d5be3,gp3,30,False,3000,125,in-use,False,i-0bafd0f85880cfc37,t3.medium,arn:aws:ec2:us-east-1:198161015548:instance/i-0bafd0f85880cfc37,2023-10-23T21:19:24+00:00,True
Charles Mount,198161015548,ops,us-east-1,vol-03ae17594d49d4216,gp3,200,True,3000,150,in-use,False,i-000051928735a1912,m5a.xlarge,arn:aws:ec2:us-east-1:198161015548:instance/i-000051928735a1912,2021-08-13T19:02:21+00:00,True
Charles Mount,198161015548,ops,us-east-1,vol-0c2c2c7938629d7fe,gp3,100,True,3000,125,in-use,False,i-00866c38318c69753,c4.xlarge,arn:aws:ec2:us-east-1:198161015548:instance/i-00866c38318c69753,2021-08-06T19:17:38+00:00,True
Charles Mount,198161015548,prod-finance,us-east-1,vol-0832bc602052d1392,gp3,2048,False,6144,250,in-use,False,i-059b953a2e312a39c,c4.4xlarge,arn:aws:ec2:us-east-1:198161015548:instance/i-059b953a2e312a39c,2022-09-29T18:40:52+00:00,False
Charles Mount,198161015548,prod-finance,us-east-1,vol-08135236cabc40507,gp3,100,True,3000,125,available,True,,,,,False
Charles Mount,198161015548,prod-finance,us-east-1,vol-097bf20f0407e7fd9,gp3,105,False,3000,125,in-use,False,i-05bc73a0c7e562ce0,m3.medium,arn:aws:ec2:us-east-1:198161015548:instance/i-05bc73a0c7e562ce0,2023-01-18T17:17:55+00:00,False
Charles Mount,198161015548,prod-finance,us-east-1,vol-0159e4f440dde8be5,gp3,30,False,3000,125,available,True,,,,,False
Charles Mount,198161015548,prod-finance,us-east-1,vol-064bd9f39148de0f6,gp3,6144,False,3000,125,in-use,False,i-01008e20280904c67,r5a.large,arn:aws:ec2:us-east-1:198161015548:instance/i-01008e20280904c67,2024-05-06T20:18:24+00:00,False
Charles Mount,198161015548,prod-finance,us-east-1,vol-05c39509e32abdeae,gp3,100,False,3000,125,available,True,,,,,False
Charles Mount,198161015548,prod-finance,us-east-1,vol-09141d53b5d0abde9,gp2,30,False,100,,available,True,,,,,False
Charles Mount,198161015548,prod-finance,us-east-1,vol-03d800afea33a9caf,gp3,20,False,3000,125,in-use,False,i-0c1358c5d58d9527a,t2.medium,arn:aws:ec2:us-east-1:198161015548:instance/i-0c1358c5d58d9527a,2023-10-31T17:32:35+00:00,True
Charles Mount,198161015548,prod-finance,us-east-1,vol-0c9e84b11d1b21a6b,gp3,50,False,3000,125,available,True,,,,,False
Charles Mount,198161015548,prod-finance,us-east-1,vol-0492c454b8b4ab619,gp3,100,False,3000,125,in-use,False,i-01400e7184ad7c200,c4.4xlarge,arn:aws:ec2:us-east-1:198161015548:instance/i-01400e7184ad7c200,2022-09-29T18:29:09+00:00,True
Charles Mount,198161015548,prod-finance,us-east-1,vol-ae374502,gp3,20,False,3000,125,in-use,False,i-d07743c7,m3.medium,arn:aws:ec2:us-east-1:198161015548:instance/i-d07743c7,2021-04-04T21:31:40+00:00,True
Charles Mount,198161015548,prod-finance,us-east-1,vol-0c5a07a9500cef3b5,gp2,30,False,100,,available,True,,,,,False
Charles Mount,198161015548,prod-finance,us-east-1,vol-0bc403f5d6cd362c0,gp3,100,False,3000,125,in-use,False,i-09abb9e2cfa017272,t2.medium,arn:aws:ec2:us-east-1:198161015548:instance/i-09abb9e2cfa017272,2024-11-05T18:58:10+00:00,True
Charles Mount,198161015548,prod-finance,us-east-1,vol-9ad6787a,gp3,2000,False,6000,250,in-use,False,i-53d3da86,m3.xlarge,arn:aws:ec2:us-east-1:198161015548:instance/i-53d3da86,2023-11-28T02:34:45+00:00,False
Charles Mount,198161015548,prod-finance,us-east-1,vol-0bd416004da427a74,gp3,3000,False,9000,250,in-use,False,i-0f4443498033bdbf8,m4.xlarge,arn:aws:ec2:us-east-1:198161015548:instance/i-0f4443498033bdbf8,2021-04-02T22:45:19+00:00,True
Charles Mount,198161015548,prod-finance,us-east-1,vol-0170ec57cd44d67b3,sc1,3072,False,,,available,True,,,,,False
Charles Mount,198161015548,prod-finance,us-east-1,vol-0a29d0328c5f5b457,gp3,2048,False,3000,125,in-use,False,i-043114ca52c5e8164,c4.4xlarge,arn:aws:ec2:us-east-1:198161015548:instance/i-043114ca52c5e8164,2022-10-18T15:13:59+00:00,False
Charles Mount,198161015548,prod-finance,us-east-1,vol-093dd0ca5f627f999,gp3,30,False,3000,125,available,True,,,,,False
Charles Mount,198161015548,prod-finance,us-east-1,vol-04c5fc41b22e819d7,sc1,6144,False,,,available,True,,,,,False
Charles Mount,198161015548,prod-finance,us-east-1,vol-0c53908acd7ed4e23,gp3,100,False,3000,125,in-use,False,i-060098e5e6b5ad472,t2.medium,arn:aws:ec2:us-east-1:198161015548:instance/i-060098e5e6b5ad472,2022-11-25T16:26:29+00:00,True
Charles Mount,198161015548,prod-finance,us-east-1,vol-0564a0474f61bac91,gp3,8,False,3000,125,in-use,False,i-0d106f55f0dd4fcdc,t2.micro,arn:aws:ec2:us-east-1:198161015548:instance/i-0d106f55f0dd4fcdc,2022-09-12T21:31:10+00:00,True
Charles Mount,198161015548,prod-finance,us-east-1,vol-89ec0d69,gp3,2000,False,6000,250,in-use,False,i-6545ccb0,m4.xlarge,arn:aws:ec2:us-east-1:198161015548:instance/i-6545ccb0,2022-04-19T00:11:17+00:00,True
Charles Mount,198161015548,prod-finance,us-east-1,vol-2e52fdce,gp3,100,False,3000,125,in-use,False,i-d87e770d,c4.4xlarge,arn:aws:ec2:us-east-1:198161015548:instance/i-d87e770d,2022-09-29T19:02:23+00:00,True
Charles Mount,198161015548,prod-finance,us-east-1,vol-00585fd3f6288881f,gp3,100,False,3000,125,available,True,,,,,False
Charles Mount,198161015548,prod-finance,us-east-1,vol-00cee4c5494651d9d,gp3,105,False,3000,125,available,True,,,,,False
Charles Mount,198161015548,prod-finance,us-east-1,vol-00985f88762d2a739,gp3,10,False,3000,125,in-use,False,i-0478dda6d47023e11,t3.micro,arn:aws:ec2:us-east-1:198161015548:instance/i-0478dda6d47023e11,2020-11-18T02:27:40+00:00,True
Charles Mount,198161015548,prod-finance,us-east-1,vol-0abbc2b879298fc63,gp2,30,False,100,,available,True,,,,,False
Charles Mount,198161015548,prod-finance,us-east-1,vol-04f464e5,gp3,50,False,3000,125,in-use,False,i-060794d4,m3.medium,arn:aws:ec2:us-east-1:198161015548:instance/i-060794d4,2023-02-12T17:29:35+00:00,True
Charles Mount,198161015548,prod-finance,us-east-1,vol-e5d8ee2c,gp3,20,False,3000,125,in-use,False,i-5141feb8,m4.large,arn:aws:ec2:us-east-1:198161015548:instance/i-5141feb8,2023-09-13T22:03:57+00:00,True
Charles Mount,198161015548,prod-finance,us-east-1,vol-08e78e57b101edb81,gp3,6144,False,9216,125,in-use,False,i-0c1358c5d58d9527a,t2.medium,arn:aws:ec2:us-east-1:198161015548:instance/i-0c1358c5d58d9527a,2023-10-31T17:32:35+00:00,False
Charles Mount,198161015548,prod-finance,us-east-1,vol-0732e11f25ca1075b,gp3,40,False,3000,125,available,True,,,,,False
Charles Mount,198161015548,prod-finance,us-east-1,vol-02881fbcf30241db1,gp3,8,False,3000,125,in-use,False,i-0490009a252a79db0,t3a.medium,arn:aws:ec2:us-east-1:198161015548:instance/i-0490009a252a79db0,2024-04-29T15:22:43+00:00,True
Charles Mount,198161015548,prod-finance,us-east-1,vol-0e381b8867cfb5ed8,gp3,6144,False,3000,125,in-use,False,i-0bafd0f85880cfc37,t3.medium,arn:aws:ec2:us-east-1:198161015548:instance/i-0bafd0f85880cfc37,2023-10-23T21:19:24+00:00,False
Charles Mount,198161015548,prod-finance,us-east-1,vol-bb39dc14,gp3,2048,False,6144,250,in-use,False,i-d87e770d,c4.4xlarge,arn:aws:ec2:us-east-1:198161015548:instance/i-d87e770d,2022-09-29T19:02:23+00:00,False
Charles Mount,198161015548,prod-finance,us-east-1,vol-074e389f583e4689e,sc1,6144,False,,,available,True,,,,,False
Charles Mount,198161015548,prod-finance,us-east-1,vol-4113bca1,gp3,100,False,3000,125,in-use,False,i-53d3da86,m3.xlarge,arn:aws:ec2:us-east-1:198161015548:instance/i-53d3da86,2023-11-28T02:34:45+00:00,True
Charles Mount,198161015548,prod-finance,us-east-2,vol-08628b5864b9cc688,gp2,105,False,315,,available,True,,,,,False
Charles Mount,198161015548,prod-finance,us-east-2,vol-073530f7a7dd4f714,gp2,105,False,315,,in-use,False,i-05e80ed206905b62f,t2.large,arn:aws:ec2:us-east-2:198161015548:instance/i-05e80ed206905b62f,2023-01-17T23:34:18+00:00,False
Charles Mount,198161015548,prod-finance,us-east-2,vol-043d894734dbb46c4,gp2,105,False,315,,available,True,,,,,False
Charles Mount,198161015548,prod-finance,us-east-2,vol-053e9798f012ccb98,gp3,8,False,3000,125,in-use,False,i-0a4890503b8ec083b,t2.micro,arn:aws:ec2:us-east-2:198161015548:instance/i-0a4890503b8ec083b,2023-09-14T22:00:41+00:00,True
Charles Mount,198161015548,prod-finance,us-east-2,vol-083289eb2ba52fc5e,gp3,105,False,3000,125,in-use,False,i-09c5f37643e036865,t2.large,arn:aws:ec2:us-east-2:198161015548:instance/i-09c5f37643e036865,2023-05-23T19:36:29+00:00,False
Charles Mount,198161015548,prod-finance,us-east-2,vol-023706ade22f812ad,gp2,105,False,315,,available,True,,,,,False
Charles Mount,198161015548,prod-finance,us-east-2,vol-03fa22ed1cc2115ce,gp2,20,False,100,,in-use,False,i-05e80ed206905b62f,t2.large,arn:aws:ec2:us-east-2:198161015548:instance/i-05e80ed206905b62f,2023-01-17T23:34:18+00:00,True
Charles Mount,198161015548,prod-finance,us-east-2,vol-0a43b720cf53253a6,gp2,105,False,315,,available,True,,,,,False
Charles Mount,198161015548,prod-finance,us-east-2,vol-0620dee75aed951db,gp3,20,False,3000,125,in-use,False,i-02904074725f14fa6,t3.medium,arn:aws:ec2:us-east-2:198161015548:instance/i-02904074725f14fa6,2023-10-20T18:35:24+00:00,True
Charles Mount,198161015548,prod-finance,us-east-2,vol-0d563e0800d536633,gp3,105,False,3000,125,in-use,False,i-02904074725f14fa6,t3.medium,arn:aws:ec2:us-east-2:198161015548:instance/i-02904074725f14fa6,2023-10-20T18:35:24+00:00,False
Charles Mount,198161015548,prod-finance,us-east-2,vol-06c7f1c8a8659fba6,gp2,105,False,315,,available,True,,,,,False
Charles Mount,198161015548,prod-finance,us-east-2,vol-05278b69a8dc0f4a5,gp2,105,False,315,,available,True,,,,,False
Charles Mount,198161015548,prod-finance,us-east-2,vol-06d06f94a5b281721,gp3,20,False,3000,125,in-use,False,i-09c5f37643e036865,t2.large,arn:aws:ec2:us-east-2:198161015548:instance/i-09c5f37643e036865,2023-05-23T19:36:29+00:00,True
Charles Mount,198161015548,prod-finance,us-east-2,vol-0caa69e48de4092c8,gp3,105,True,3000,125,available,True,,,,,False
Charles Mount,198161015548,prod-finance,us-east-2,vol-0bcf423afbfd74b46,gp2,105,False,315,,available,True,,,,,False
Charles Mount,198161015548,prod-finance,us-east-2,vol-04d543b7e85aa194c,gp2,105,False,315,,available,True,,,,,False
Charles Mount,198161015548,prod-finance,us-east-2,vol-06eda403c013e1ea1,gp2,105,False,315,,available,True,,,,,False
Charles Mount,198161015548,prod-finance,us-east-2,vol-022d4893dc342bfc6,gp2,105,False,315,,available,True,,,,,False
Charles Mount,198161015548,prod-finance,us-east-2,vol-0b5c521fc0866568c,gp2,105,False,315,,available,True,,,,,False
Charles Mount,198161015548,prod-finance,us-west-1,vol-021a3dbde78804acf,gp2,1000,False,3000,,in-use,False,i-0cd3b6aaf9dadb07d,m3.large,arn:aws:ec2:us-west-1:198161015548:instance/i-0cd3b6aaf9dadb07d,2022-10-18T18:46:07+00:00,False
Charles Mount,198161015548,prod-finance,us-west-1,vol-06086e69a36c34d33,gp2,100,False,300,,in-use,False,i-0cd3b6aaf9dadb07d,m3.large,arn:aws:ec2:us-west-1:198161015548:instance/i-0cd3b6aaf9dadb07d,2022-10-18T18:46:07+00:00,True
Charles Mount,198161015548,prod-finance,us-west-1,vol-0969857cac4a6d1fd,gp2,1000,False,3000,,in-use,False,i-015d864871acc6280,m3.large,arn:aws:ec2:us-west-1:198161015548:instance/i-015d864871acc6280,2022-10-18T18:48:42+00:00,False
Charles Mount,198161015548,prod-finance,us-west-1,vol-02ee27a3c47655edf,gp2,100,False,300,,in-use,False,i-015d864871acc6280,m3.large,arn:aws:ec2:us-west-1:198161015548:instance/i-015d864871acc6280,2022-10-18T18:48:42+00:00,True
Charles Mount,198161015548,prod-finance,us-west-2,vol-00568b1222a3c6349,gp2,30,False,100,,available,True,,,,,False
Charles Mount,198161015548,prod-finance,us-west-2,vol-08465ecd57700c9f5,gp2,30,False,100,,available,True,,,,,False
Charles Mount,198161015548,prod-finance,us-west-2,vol-057b92f513617e158,gp2,30,False,100,,available,True,,,,,False
Charles Mount,198161015548,prod-finance,us-west-2,vol-0c97acb9b0fff0974,gp2,30,False,100,,available,True,,,,,False
Charles Mount,198161015548,prod-finance,us-west-2,vol-0f9bf720bba7d4d98,gp2,30,False,100,,available,True,,,,,False
Charles Mount,198161015548,prod-finance,us-west-2,vol-04d91d793866bb9d8,gp2,30,False,100,,available,True,,,,,False
Charles Mount,198161015548,prod-finance,us-west-2,vol-0de77b178635ea05c,gp2,30,False,100,,in-use,False,i-09ccc6ac0b3f0339a,t2.medium,arn:aws:ec2:us-west-2:198161015548:instance/i-09ccc6ac0b3f0339a,2022-04-07T18:28:20+00:00,True
Charles Mount,198161015548,prod-finance,us-west-2,vol-090a7f8216c4fe4ef,gp2,30,False,100,,available,True,,,,,False
Charles Mount,198161015548,prod-finance,us-west-2,vol-0587e099a2e1da13a,gp2,30,False,100,,available,True,,,,,False
Charles Mount,198161015548,prod-finance,us-west-2,vol-0925e71c4fab84e28,gp2,30,False,100,,available,True,,,,,False
Charles Mount,198161015548,prod-finance,us-west-2,vol-06591921c83f13874,gp2,30,False,100,,available,True,,,,,False
Charles Mount,198161015548,prod-finance,us-west-2,vol-0e72fe55c217aaa03,gp2,30,False,100,,available,True,,,,,False
Charles Mount,198161015548,prod-finance,us-west-2,vol-0d568d197a97c3f54,gp2,30,False,100,,available,True,,,,,False
Charles Mount,198161015548,prod-finance,us-west-2,vol-03000f4e4adcdcd62,gp2,30,False,100,,available,True,,,,,False
Charles Mount,198161015548,prod-finance,us-west-2,vol-030927c3c57f97ca5,gp2,30,False,100,,available,True,,,,,False
Charles Mount,198161015548,prod-finance,us-west-2,vol-022ee4bd00df52deb,gp2,30,False,100,,available,True,,,,,False
Charles Mount,198161015548,prod-finance,us-west-2,vol-0c83b15a637f727d4,gp2,30,False,100,,available,True,,,,,False
Charles Mount,198161015548,prod-finance,us-west-2,vol-08b6934a4f6331166,gp2,30,False,100,,available,True,,,,,False
Charles Mount,198161015548,prod-finance,us-west-2,vol-09f1cd34142f6282d,gp2,30,False,100,,available,True,,,,,False
Charles Mount,198161015548,prod-finance,us-west-2,vol-0fd2a580004fb37b2,gp2,30,False,100,,available,True,,,,,False
Charles Mount,198161015548,prod-finance,us-west-2,vol-048e8bd0820c010cd,gp2,30,False,100,,available,True,,,,,False
